Name,Slug,Collection ID,Item ID,Created On,Updated On,Published On,Заголовок,Цена,price_per_meter,Район,map,Адрес,Image,Images,Описание,Contact,Валюта,Общая площадь,Комнат,Этаж,Всего этажей,Ремонт,Год постройки,Тип (материал) дома,Раздельные санузлы,Высота потолков,Пассажирских лифтов,Грузовых лифтов,Парковка,Форма собственности,Кол во подъездов,Квартир на этаже,Пентхаус,Терраса,Квартир в доме,Окна выходят
room-1,room-1,628debfda8ef95588c986c04,628dee39f71c22686282d516,Wed May 25 2022 08:52:09 GMT+0000 (Coordinated Universal Time),Thu May 26 2022 22:38:44 GMT+0000 (Coordinated Universal Time),Thu May 26 2022 22:47:53 GMT+0000 (Coordinated Universal Time),"6-к квартира, 363 м², 9/14 этаж",6 500 000,1432507,hamovniki,https://api-maps.yandex.ru/services/constructor/1.0/js/?um=constructor%3A5f1729bb06585edbaee497b1d9dedb232aa869ec658ca5bd038663d541c5b906&amp;width=100%25&amp;height=400&amp;lang=en_FR&amp;scroll=true,"Москва, 1-й Неопалимовский переулок, 8",https://uploads-ssl.webflow.com/620e15709e3fbe1a70764578/628e1509e8398cb7715e84e5_fa37afc610910a298ceb7c246e117e03.jpg,https://uploads-ssl.webflow.com/620e15709e3fbe1a70764578/628e15049df441d957de96d3_3e064700487d157b762527f103516e79.jpg; https://uploads-ssl.webflow.com/620e15709e3fbe1a70764578/628e15044d650e7d8ae36d95_568d9eb80f4953c3e875bc4fda0bf786.jpg; https://uploads-ssl.webflow.com/620e15709e3fbe1a70764578/628e1504977fb20877551821_31535ed9de2cec641cc796d726b7949f.jpg; https://uploads-ssl.webflow.com/620e15709e3fbe1a70764578/628e15041173d220cfee1d92_59984ffc129ba901746fa2aadddeb6e8.jpg; https://uploads-ssl.webflow.com/620e15709e3fbe1a70764578/628e150534fb2d4a21a6844b_f9aa525596c84dfae0d4536a12cec863.jpg,"<p>Описание обьекта:</p><p>Трехуровневый пентхаус с неповтоимой авторской отделкой в стиле современной классики и нотками хай-тек и видовой террасой по периметру 3-го уровня в переулках Плющихи в ЖК Венский дом. </p><p>В отделке использованы только натуральные материалы, техника премиального уровня.</p><p>Функциональная планировка включает в себя: 1 уровень - гостиную зону с кухней-гостиной, с/у и кабинетом с выходом на лоджию на первом уровне.ь 2 уровень - приватную зону с тремя спальнями и 2 с/у, гардеробной; 3 уровень - вторая гостиная со своей кухней, с/у и террасой с видами на все стороны света. Площадь всех уровней без учета террасы 340 кв.м. Площадь террасы 86 кв.м. 2 мм в подземном паркинге. </p><p><br></p><p>Описание здания:</p><p>""Венский дом"" - один из лучших элитных домов столицы. Комплекс состоит из 2 жилых корпусов переменной этажности. Оба корпуса объединены друг с другом просторным внутренним двором. На огороженной территории дома разбит парк с фонтаном, дорожками с подогревом и прекрасным ландшафтным дизайном. В подземном 2-уровневом паркинге предусмотрено 99 м/м. В доме 60 квартир, площадью от 99 до 299 кв. м. Из квартир открываются панорамные виды на панораму столицы.</p>",puchkova-svetlana,USD,363,6+,9,14,Дизайнерский,2004,Монолитно-кирпичный,Нет,3.3,1,1,Подземная,Частная,3,2,ИСТИНА,1,,
room-10,room-10,628debfda8ef95588c986c04,628dee401b0f4f35bd0e70f7,Wed May 25 2022 08:52:16 GMT+0000 (Coordinated Universal Time),Wed Sep 07 2022 19:17:14 GMT+0000 (Coordinated Universal Time),Wed Sep 07 2022 19:18:41 GMT+0000 (Coordinated Universal Time),"6-к квартира, 584 м², 6/6 этаж",16 000 000,2 191 781,hamovniki,https://api-maps.yandex.ru/services/constructor/1.0/js/?um=constructor%3A3ef74ef0abc04cacb4e7223427729bc9abae37e26d024cba0bc3f9c0080f29d1&amp;width=100%25&amp;height=400&amp;lang=en_FR&amp;scroll=true,"Москва, Молочный переулок, 7",https://uploads-ssl.webflow.com/620e15709e3fbe1a70764578/628e19513e322c387d25d8f8_6db64bf7779d69ca2ea2d800987c37c7.jpg,https://uploads-ssl.webflow.com/620e15709e3fbe1a70764578/628e1962d50c8456740086f8_6e0a8b51502a3f3fa32c38ca01ebdec1.jpg; https://uploads-ssl.webflow.com/620e15709e3fbe1a70764578/628e1961b6d2c1e480de2b4c_33993d32a84acd159a943ccba414f66e.jpg; https://uploads-ssl.webflow.com/620e15709e3fbe1a70764578/628e19615f02a62e3da95697_ab5c4677993606716edf6e5af8dbbd3c.jpg; https://uploads-ssl.webflow.com/620e15709e3fbe1a70764578/628e1962a70435e2a7d54dca_c8c03a1657a0c46be1521e5f56eb5cd3.jpg; https://uploads-ssl.webflow.com/620e15709e3fbe1a70764578/628e19623e322c473a25d967_cc051ea57bccbe1240029b4148affb3c.jpg,"<p>Уникальный двухуровневый пентхаус с отделкой и террасой с видами на Зачатьевский монастырь. Пентхаус занимает два последних этажа. 1 квартира на этаже. &nbsp;Лифт приходит непосредственно в квартиру. Планировка: 1-й уровень большой зал общей площадью 152 кв.м с выходом на террасу. Библиотека с камином. Кухня - столовая (60 кв.м) также имеет выход на террасу. Гостевой санузел и постирочная комната. Мастер спальня со своим санузлом и большой гардеробной комнатой. две спальни со своим санузлами; 2-й уровень: 2 детские спальни со своими санузлами, игровой холл (спальное место для няни предусмотрено), мини-кухня. В пентхаусе выполнен высококачественный ремонт в классическом стиле по индивидуальному дизайн проекту. &nbsp;3 машино-места в подземном паркинг.</p><p><br></p><p>Молочный переулок, дом 7 - малоквартирный особняк в самом центре Золотой мили. Охрана. Подземный паркинг. Придомовая территория. Собственная служба эксплуатации.</p>",puchkova-svetlana,USD,584,6+,6,6,,2006,Монолитно-кирпичный,,3.5,,,Подземная,Частная,1,1,ИСТИНА,1,4,
room-11,room-11,628debfda8ef95588c986c04,628dee4045bef812e5b344ec,Wed May 25 2022 08:52:16 GMT+0000 (Coordinated Universal Time),Wed Sep 07 2022 19:17:06 GMT+0000 (Coordinated Universal Time),Wed Sep 07 2022 19:18:41 GMT+0000 (Coordinated Universal Time),"4-к квартира, 219 м², 4/4 этаж",540 300 000,2 468 250,presnenskiy,https://api-maps.yandex.ru/services/constructor/1.0/js/?um=constructor%3A07a917cc4c330a0d22c53bdac82a758a27fe60d2798c67e682e1f6cd1cdbf4da&amp;width=100%25&amp;height=400&amp;lang=en_FR&amp;scroll=true,"Москва, Гранатный переулок, 8с4",https://uploads-ssl.webflow.com/620e15709e3fbe1a70764578/628e1b98a50d812cb7c8df7f_21d2e80f8467ef1efaed0ed547199784.jpg,https://uploads-ssl.webflow.com/620e15709e3fbe1a70764578/628e1b8b3a98aaf3fb94ffc8_1b6b3cfa536c788a01797ec0d0b8a858.jpg; https://uploads-ssl.webflow.com/620e15709e3fbe1a70764578/628e1b8bf43b6bd53712817f_39fa6ee89c5ba8459bf5243028d22c7f.jpg; https://uploads-ssl.webflow.com/620e15709e3fbe1a70764578/628e1b8b6202d898de69995e_47dcb6fc02faa7c478baff362ed1932c.jpg; https://uploads-ssl.webflow.com/620e15709e3fbe1a70764578/628e1b8b41d21c3a9cf59bd3_68ef6480ff995f3e0d9fd72b0717e46f.jpg; https://uploads-ssl.webflow.com/620e15709e3fbe1a70764578/628e1b8bef1d71e7ed8c6bad_7cfd82b072547dcd56699b5240af9b0b.jpg,"<p>Описание объекта: </p><p>Четырехкомнатная квартира без отделки, свободной планировки, предлагается в ЖК Гранатный Палас. Из окон квартиры открываются прекрасные виды на Дом Архитекторов и парк Дома приемов МИД. Функциональная планировка позволяет спланировать 3 спальни с ванными комнатами, гостиную с возможностью установки дровяного камина, кухню-столовую, подсобные помещения. Потолки 3,,5 м. В подземном паркинге предусмотрено 2 м/м. </p><p><br></p><p>Описание здания: Гранатный Палас — это уникальный клубный дом на 17 квартир, расположенный в районе Патриарших Прудов (Гранатный переулок, дом 8).</p><p>Фасад дома облицован гранитом и симметрично украшен воздушными пилонами с двумя скульптурами и орнаментом, которые характерны эпохе господства сталинского ампира.</p><p>Гранатный, 8 — это воплощение роскоши и неповторимости, стоит только взглянуть на интерьеры его общественных зон и роскошное внутреннее убранство, достойное элиты общества (уж простите за красивые слова). В комплексе «Гранатный Палас» 17 квартир, площадью от 220 до 990 кв.м. На первых двух этажах находятся дуплексы с небольшими земельными участками. Восьмой этаж полностью занимает пентхаус с панорамными окнами площадью около 1 000 кв.м.</p><p>По заявлению многих экспертов элитный жилой комплекс «Гранатный, 8» является одним из самых роскошных зданий в Москве. Подземные этажи дома включают не только паркинг, но и роскошный бассейн, фитнес клуб, созданные специально для жильцов.</p><p>На первом этаже находятся мужской сигарный клуб с бильярдной, салон красоты, библиотека и детская игровая комната.</p>",puchkova-svetlana,RUB,218.9,4,4,8,Без ремонта,2010,Монолитно-кирпичный,,3.5,1,1,Подземная,Частная,1,2,,,17,Во двор и на улицу
room-12,room-12,628debfda8ef95588c986c04,628dee412ef8ea7ac9f7961e,Wed May 25 2022 08:52:17 GMT+0000 (Coordinated Universal Time),Wed Sep 07 2022 19:17:01 GMT+0000 (Coordinated Universal Time),Wed Sep 07 2022 19:18:41 GMT+0000 (Coordinated Universal Time),"4-к квартира, 164 м², 4/7 этаж",258 300 000,1 575 000,hamovniki,https://api-maps.yandex.ru/services/constructor/1.0/js/?um=constructor%3Abf3d268bb9a6456830799b118c71daf1050deae45dbea85ea2938b3abf045d2e&amp;width=100%25&amp;height=400&amp;lang=en_FR&amp;scroll=true,"Москва, Большой Левшинский переулок, 11",https://uploads-ssl.webflow.com/620e15709e3fbe1a70764578/628e1c19a50d81a776c8e28a_566c0b898e55c9128272138264c59d7d.jpg,https://uploads-ssl.webflow.com/620e15709e3fbe1a70764578/628e1c1f41d21c0f98f59d4b_4f6abcfde0c61c9cd68f04af59bab105.jpg; https://uploads-ssl.webflow.com/620e15709e3fbe1a70764578/628e1c1fa8d620440e239bdb_5eca2e72c32cfbebc9e6ee0565a8f168.jpg; https://uploads-ssl.webflow.com/620e15709e3fbe1a70764578/628e1c1ff52c2e9e82002d4c_370f85b313e909680f20c1731b4a8c7f.jpg; https://uploads-ssl.webflow.com/620e15709e3fbe1a70764578/628e1c1fa8d620041c239bda_be7f457401738a6343b0992e03d25e01.jpg; https://uploads-ssl.webflow.com/620e15709e3fbe1a70764578/628e1c1f3ede1d4e8752986d_de054f04ba6cd044fc6f4a6770aa7e9e.jpg,"<p>Описание объекта недвижимости:</p><p>4-х комнатная квартира с отделкой. Функциональное планировочное решение: гостиная - столовая, кухня, 3 спальни, 3 санузла, постирочная и гардеробная комнаты. Из окон квартиры открываются красивые виды в арбатские переулки. </p><p>Описание здания:</p><p>Элитный дом «Дворянское гнездо» по праву считается одним из красивейших в районе Пречистенки. Стильный фасад семиэтажного дома дополняется внутренним двором с ландшафтным дизайном, выполненным в уникальном итальянском стиле. По периметру двор украшают увитые диким виноградом беседки, в центре бьет настоящий римский фонтан. Украшением дома служит редкой красоты бассейн с мозаичными панно на стенах. Территория огорожена и находится под круглосуточным видеонаблюдением. Подземный паркинг. Многоуровневая охрана.</p>",puchkova-svetlana,RUB,164,4,4,7,Евроремонт,2003,Монолитно-кирпичный,3,3.3,2,2,Подземная,Частная,2,2,,,27,Во двор и на улицу
room-13,room-13,628debfda8ef95588c986c04,628dee4235672177c90e5ee9,Wed May 25 2022 08:52:18 GMT+0000 (Coordinated Universal Time),Wed Sep 07 2022 19:16:55 GMT+0000 (Coordinated Universal Time),Wed Sep 07 2022 19:18:41 GMT+0000 (Coordinated Universal Time),"6-к квартира, 952 м², 8/8 этаж",35 000 000,2 941 176,presnenskiy,https://api-maps.yandex.ru/services/constructor/1.0/js/?um=constructor%3Afefe74e2a2f0a86dca1059ae8ffb2c88a57a6f04c7fe3882bdba4c893b5ebecc&amp;width=100%25&amp;height=400&amp;lang=en_FR&amp;scroll=true,"Москва, Гранатный переулок, 8с4",https://uploads-ssl.webflow.com/620e15709e3fbe1a70764578/628e1cc2f87432b030531b1c_813b582f90960c6c34b4035df196ee68.jpg,https://uploads-ssl.webflow.com/620e15709e3fbe1a70764578/628e1b8b3a98aaf3fb94ffc8_1b6b3cfa536c788a01797ec0d0b8a858.jpg; https://uploads-ssl.webflow.com/620e15709e3fbe1a70764578/628e1cbc963d572be5c9f8e2_616432dc406953bfb4b639a3b346f134.jpg; https://uploads-ssl.webflow.com/620e15709e3fbe1a70764578/628e1cbc8bf15c3cfd070509_36682359b6a792d21ae9daa8717fcce1.jpg; https://uploads-ssl.webflow.com/620e15709e3fbe1a70764578/628e1cbcda8ba19639a095b0_bc02e885420d3502e7b403acc10ba123.jpg; https://uploads-ssl.webflow.com/620e15709e3fbe1a70764578/628e1cbcf862bf787d64d110_c69f87aa7876380e5cd2fe12ee776318.jpg,"<p>Описание объекта: </p><p>Роскошный пентхаус без отделки, свободной планировки, предлагается в ЖК Гранатный Палас. Пентхаус занимает полностью этаж. Высота потолков 3,8 м. Панорамное остекление. Окна выходят на четыре стороны света. Из окон пентхауса открываются великолепные виды н потрясающие виды на панораму Москвы, в том числе здание дома приемов МИД, Кремль. Балконы и террасы огибают весь пентхауса. Функциональная планировка позволяет разместить большую зону кухни-гостиной, столовую, кабинет, 4-5 спален со своими санузлами и гардеробными комнатами, вспомогательные помещения (постирочную, хозяйственную комнаты). Возможность организации дровяного камина. Предусмотрены два парадных входа и два дополнительных - для обслуживающего персонала. К парадным и ""черным"" входам поднимаются отдельные лифты. </p><p>Владельцы пентхауса будут иметь выход на эксплуатируемую кровлю, которую можно рассматривать как персональную смотровую площадку.</p><p><br></p><p>Описание здания: Гранатный Палас — это уникальный клубный дом на 17 квартир, расположенный в районе Патриарших Прудов (Гранатный переулок, дом 8).</p><p>Фасад дома облицован гранитом и симметрично украшен воздушными пилонами с двумя скульптурами и орнаментом, которые характерны эпохе господства сталинского ампира.</p><p>Гранатный, 8 — это воплощение роскоши и неповторимости, стоит только взглянуть на интерьеры его общественных зон и роскошное внутреннее убранство, достойное элиты общества (уж простите за красивые слова). В комплексе «Гранатный Палас» 17 квартир, площадью от 220 до 990 кв.м. На первых двух этажах находятся дуплексы с небольшими земельными участками. Восьмой этаж полностью занимает пентхаус с панорамными окнами площадью около 1 000 кв.м.</p><p>По заявлению многих экспертов элитный жилой комплекс «Гранатный, 8» является одним из самых роскошных зданий в Москве. Подземные этажи дома включают не только паркинг, но и роскошный бассейн, фитнес клуб, созданные специально для жильцов.</p><p>На первом этаже находятся мужской сигарный клуб с бильярдной, салон красоты, библиотека и детская игровая комната.</p>",puchkova-svetlana,USD,952,6+,8,8,Без ремонта,2010,Монолитно-кирпичный,,3.5,,,Подземная,Частная,1,2,ИСТИНА,1,17,Во двор и на улицу
room-14,room-14,628debfda8ef95588c986c04,628dee435db4e85d06feef46,Wed May 25 2022 08:52:18 GMT+0000 (Coordinated Universal Time),Wed Sep 07 2022 19:16:48 GMT+0000 (Coordinated Universal Time),Wed Sep 07 2022 19:18:41 GMT+0000 (Coordinated Universal Time),"4-к квартира, 167 м², 3/7 этаж",300 000 000,1 796 407,hamovniki,https://api-maps.yandex.ru/services/constructor/1.0/js/?um=constructor%3A6175dd704b99d3666e30708b4ec87aba1ef35936437d3c16383d1f5ea1cc5153&amp;width=100%25&amp;height=400&amp;lang=en_FR&amp;scroll=true,"Москва, Пожарский переулок, 3",https://uploads-ssl.webflow.com/620e15709e3fbe1a70764578/628e1d2df862bf912164d264_d2f2a55aadeb41967bb32b04b5a4cc43.jpg,https://uploads-ssl.webflow.com/620e15709e3fbe1a70764578/628e1d29adec762da4013274_29e91d94e37b673a83066c6ec367778f.jpg; https://uploads-ssl.webflow.com/620e15709e3fbe1a70764578/628e1d29f43b6b2999128ee6_5889a18dad914ed9126256c3f9c39cb3.jpg; https://uploads-ssl.webflow.com/620e15709e3fbe1a70764578/628e1d2a4d2bf81ad6d9e266_aa770d45bad37940c518a7e37d0eb8b5.jpg; https://uploads-ssl.webflow.com/620e15709e3fbe1a70764578/628e1d2a03dc903a66978dc2_fe4f7f851195895c9f8acbb027f6f437.jpg; https://uploads-ssl.webflow.com/620e15709e3fbe1a70764578/628e1d2ace071c07f8ae7239_ff13e643da4e3607a0cc44ca628b6270.jpg,"<p>Описание объекта: </p><p>4-х комнатная квартира с отделкой в малоквартирном жилом комплексе ""Вилла Грейс"". Планировка квартиры предусматривает: большую прихожую с хозяйственной или гардеробной комнатой. Гостиная - столовая - кухня, мастер спальня со своим санузлом и гардеробной комнатой, две спальни, также имеют свои санузлы и гардеробные комнаты. Окна квартиры ориентированы в тихий переулок и во двор. В отделке квартиры использован натуральный камень, паркет. Особенность квартиры - 1 на этаже, лифт приходит непосредственно в квартиру.</p><p><br></p><p>Описание дома: </p><p>ЖК Villa Grace (Вилла Грейс), камерный особняк всего на 20 квартир расположенный в самом сердце Золотой мили, между улицей Остоженка и Пречистенской набережной.</p><p>Особенностью дома является наличие полностью закрытой внутренней территории площадью с красивым ландшафтным дизайном, зоной отдыха и детской площадкой.</p><p>Контроль доступа позволяет подняться в лифте только на свой этаж. Villa Grace оборудована новейшими инженерными системами, способными обеспечить высокий уровень качества жизни. Среди них мультизонная система кондиционирования и приточно-вытяжная вентиляция.</p>",puchkova-svetlana,RUB,167,4,3,6,Дизайнерский,2021,Монолитно-кирпичный,,3.3,,1,Подземная,Частная,3,1,,,20,Во двор и на улицу
room-15,room-15,628debfda8ef95588c986c04,628dee435ed89e4b541c0b11,Wed May 25 2022 08:52:19 GMT+0000 (Coordinated Universal Time),Wed Sep 07 2022 19:16:37 GMT+0000 (Coordinated Universal Time),Wed Sep 07 2022 19:18:41 GMT+0000 (Coordinated Universal Time),"4-к квартира, 249 м², 2/6 этаж",350 000 000,1 403 931,hamovniki,https://api-maps.yandex.ru/services/constructor/1.0/js/?um=constructor%3A9f7f4c0a563fee2db0491ae4d685b11706c52c5126d3618022473231e27a9c6a&amp;width=100%25&amp;height=400&amp;lang=en_FR&amp;scroll=true,"Москва, Коробейников переулок, 1",https://uploads-ssl.webflow.com/620e15709e3fbe1a70764578/628e1da317ac06153525abd5_47e353c28125d6bfe0ddd64ede30057a.jpg,https://uploads-ssl.webflow.com/620e15709e3fbe1a70764578/628e1d9c5c85e952fa910ca6_574f7edec67983007b05a6bdd30c2fc0.jpg; https://uploads-ssl.webflow.com/620e15709e3fbe1a70764578/628e1d9cc80dc73c4bf9337f_ac3404f244a414bd4afb03839773d039.jpg; https://uploads-ssl.webflow.com/620e15709e3fbe1a70764578/628e1d9badec767ac6013650_bd8ef3b9a08828d090bdf7ba2493ef24.jpg; https://uploads-ssl.webflow.com/620e15709e3fbe1a70764578/628e1d9c6273c11abd4e95c0_ed317dfa72bd4b8f5866938093628801.jpg; https://uploads-ssl.webflow.com/620e15709e3fbe1a70764578/628e1d9cb3c7bc7f976e6fe1_f5f099f4cab7007f85989157829d7132.jpg,"<p>Описание объекта: </p><p>4-х комнатная квартира с террасой в клубном доме Crystal House. Планировка: кухня-гостиная с выходом на террасу, мастер-спальня со своим большим с/у и гардеробной; 2 спальни со своими с/у, которые легко преобразуются в кабинет/детскую. В отделке использовали ценные породы дерева, природный мрамор и натуральный гипоаллергенный текстиль. Установлена мебель из Италии, бытовая техника Gaggenau. Ванные комнаты укомплектованы сантехникой Flaminia и Dornbracht. Окна всех спален выходят на Коробейников переулок. Особенностью является терраса, которая ориентирована в тихий благоустроенный двор. </p><p>Описание здания:</p><p>Crystal House- элитный жилой комплекс в историческом центре Москвы. Клубный комплекс состоит из четырех 6- этажных строений. Фасад дома отделан итальянским керамогранитом и облицовочным кирпичом, а цоколь - натуральным гранитом. Квартиры располагаются на этажах со 2 по 6. 1 этаж занимают красивые просторные вестибюли, офисные помещения и выход во внутренний двор с продуманным ландшафтным дизайном. </p><p>Район, в котором расположен дом, является самым престижным и гарантирует владельцам наличие инфраструктурных объектов, соответствующих высоким стандартам: престижные школы, лучшие московские рестораны, спортивные студии и салоны красоты. Рядом с домом - набережная Москвы-реки, идеальная для прогулок в любое время года, а также памятники архитектуры, создающие особую атмосферу района: Зачатьевский монастырь, оперный центр Г. Вишневской, ММОМА. В доме предусмотрен 2-уровневый подземный паркинг на 287 м/м с отдельными въездами для жильцов и гостей комплекса. </p>",puchkova-svetlana,RUB,249.3,4,2,6,,2006,Монолитно-кирпичный,,3.5,,1,Подземная,Частная,6,2,,1,77,
room-16,room-16,628debfda8ef95588c986c04,628dee4499fd7a2331d02e72,Wed May 25 2022 08:52:20 GMT+0000 (Coordinated Universal Time),Wed Sep 07 2022 19:16:30 GMT+0000 (Coordinated Universal Time),Wed Sep 07 2022 19:18:41 GMT+0000 (Coordinated Universal Time),"4-к квартира, 300 м², 11/14 этаж",4 300 000,1 146 667,hamovniki,https://api-maps.yandex.ru/services/constructor/1.0/js/?um=constructor%3A5f1729bb06585edbaee497b1d9dedb232aa869ec658ca5bd038663d541c5b906&amp;width=100%25&amp;height=400&amp;lang=en_FR&amp;scroll=true,"Москва, 1-й Неопалимовский переулок, 8",https://uploads-ssl.webflow.com/620e15709e3fbe1a70764578/628e1e0041d21cffecf5a791_dea798b78ba54363d9d64a21b570e372.jpg,https://uploads-ssl.webflow.com/620e15709e3fbe1a70764578/628e1e09a38b7ad719d1f016_7960fcf7feef1b68cc8c2c75b84bfe4d.jpg; https://uploads-ssl.webflow.com/620e15709e3fbe1a70764578/628e1e09da8ba13154a09d14_86764f172e0236d8071b0bf718ae60e7.jpg; https://uploads-ssl.webflow.com/620e15709e3fbe1a70764578/628e1e090d768c41ad45ea55_510345ef62d65e067fa59512dc0bd3df.jpg; https://uploads-ssl.webflow.com/620e15709e3fbe1a70764578/628e1e096273c128f74e98fd_ac8dbf92144db356cae6885d9543d01c.jpg; https://uploads-ssl.webflow.com/620e15709e3fbe1a70764578/628e1d9badec767ac6013650_bd8ef3b9a08828d090bdf7ba2493ef24.jpg,"<p>Описание объекта:</p><p>Пентхаус с террасой на 11 этаже, общей площадью 300 кв.м. В квартире выполнен авторский ремонт в стиле английской классики. </p><p>Функциональная планировка: гостиная, две спальни со своими санузлами и гардеробными, каминный зал, кухня – столовая, кабинет. Летняя терраса с оборудованной кухней. Потрясающие панорамные виды на город: Храм Христа Спасителя, Кремль, «Москва-Сити». </p><p><br></p><p>Описание здания:</p><p>""Венский дом"" - один из лучших элитных домов столицы. Комплекс состоит из 2 жилых корпусов переменной этажности. Оба корпуса объединены друг с другом просторным внутренним двором. На огороженной территории дома разбит парк с фонтаном, дорожками с подогревом и прекрасным ландшафтным дизайном. В подземном 2-уровневом паркинге предусмотрено 99 м/м. Дом рассчитан на 60 квартир, площадью от 99 до 299 кв. м.</p>",puchkova-svetlana,USD,300,4,11,14,,2004,Монолитно-кирпичный,,3.3,1,1,Подземная,Частная,3,2,ИСТИНА,1,60,
room-17,room-17,628debfda8ef95588c986c04,628dee44f71c229c6d82d57f,Wed May 25 2022 08:52:20 GMT+0000 (Coordinated Universal Time),Wed Sep 07 2022 19:16:24 GMT+0000 (Coordinated Universal Time),Wed Sep 07 2022 19:18:41 GMT+0000 (Coordinated Universal Time),"6-к квартира, 455 м², 7/7 этаж",11 000 000,1 934 066,hamovniki,https://api-maps.yandex.ru/services/constructor/1.0/js/?um=constructor%3A2d027cec6cb83d6d6aebd982f03e1d98b112bb183707c79f6692c00dd5961a34&amp;width=100%25&amp;height=400&amp;lang=en_FR&amp;scroll=true,"Москва, 1-й переулок Тружеников, 17",https://uploads-ssl.webflow.com/620e15709e3fbe1a70764578/628e1eb5e639886bd29469c7_ce1464dbadb74adc67c6ac01e08f5df7.jpg,https://uploads-ssl.webflow.com/620e15709e3fbe1a70764578/628e1eb2b147402292e3ab2f_45a79689731b6063a30ad85a2184ca99.jpg; https://uploads-ssl.webflow.com/620e15709e3fbe1a70764578/628e1eb36a59ecf548fd440c_48ff6522565828be1b53044c61610bf7.jpg; https://uploads-ssl.webflow.com/620e15709e3fbe1a70764578/628e1eb26273c139554e9e11_b247782c3fdd30b4f91a37384fa13d10.jpg; https://uploads-ssl.webflow.com/620e15709e3fbe1a70764578/628e1eb2f52c2e1ee900374d_ba8ef13d39b4231af4d063398baa4c66.jpg; https://uploads-ssl.webflow.com/620e15709e3fbe1a70764578/628e1eb2b66fb76f15b4c5e8_bd8f182a690048b794173e2032c42aec.jpg,"<p>Описание объекта: </p><p>Эксклюзивный пентхаус площадью 455 кв.м. Высокие потолки 4, 50 м, действующий камин, две террасы. </p><p>Функциональное планировочное решение: гостиная, кухня, столовая с выходом на террасу, гостевая комната, , хозяйская спальня с 2 гардеробными комнатами: мужская и женская и 2 с/у с сауной, 3 детские комнаты со своими с/у и гардеробными комнатами. Из окон пентхауса открываются виды в сквер на Девичьем поле. </p><p><br></p><p>Описание здания: 1-й Тружениковом 17А - это 7-этажный клубный дом класса ""de luxe"", построенный по индивидуальному проекту в 2009 г. В доме всего 22 квартиры, площадью от 80 до 133 кв.м, площадь пентхауса 450 кв.м. Высота потолков составляет 3,30 м, высота потолка в пентхаусе 4,50 м. Придомовая территория огорожена. Профессиональная охрана. Собственная служба эксплуатации. Подземный паркинг.</p>",puchkova-svetlana,USD,455,6+,7,7,Дизайнерский,,Монолитно-кирпичный,,4.5,,,Подземная,Частная,1,1,ИСТИНА,2,22,
room-18,room-18,628debfda8ef95588c986c04,628dee47f2223a2e5b3d36e7,Wed May 25 2022 08:52:23 GMT+0000 (Coordinated Universal Time),Wed Sep 07 2022 19:16:18 GMT+0000 (Coordinated Universal Time),Wed Sep 07 2022 19:18:41 GMT+0000 (Coordinated Universal Time),"5-к квартира, 225 м², 4/12 этаж",6 300 000,2 240 000,hamovniki,https://api-maps.yandex.ru/services/constructor/1.0/js/?um=constructor%3Ad10d072f9e4fc6717fb961d28ac3b0cbfe23cf69e364d39938ab0c06c1991d10&amp;width=100%25&amp;height=400&amp;lang=en_FR&amp;scroll=true,"Москва, Трубецкая улица, 10",https://uploads-ssl.webflow.com/620e15709e3fbe1a70764578/628e21f5f862bf014264f287_e01ace2d6cec582580bda3287d755c86.jpg,https://uploads-ssl.webflow.com/620e15709e3fbe1a70764578/628e21faf43b6bbfe012b83f_efdda714163558052d6230be3bc8e70c.jpg; https://uploads-ssl.webflow.com/620e15709e3fbe1a70764578/628e21faf52c2e8ee9005702_fca10b403bbfbd3494907f785aa0d638.jpg; https://uploads-ssl.webflow.com/620e15709e3fbe1a70764578/628e21ff60703d860858e8f0_9e6154272b83462bd0ed99ca1955571c.jpg; https://uploads-ssl.webflow.com/620e15709e3fbe1a70764578/628e21ffd8a62b7bc3be0d68_233d98425190ee29d5a12b3c39b0d3bb.jpg; https://uploads-ssl.webflow.com/620e15709e3fbe1a70764578/628e22003d762f5f4d0ada35_2997752c0dd1a64fb2a91041b448bc9b.jpg,"<p>Предлагается 5-ти комнатная квартира с авторской отделкой. Из окон квартиры открываются великолепные виды на парк Мандельштама. Планировка квартиры предусматривает гостиную - столовую - кухню, гостевой санузел, постирочная комната, 2 спальни, кабинет. Количество санузлов - 3, кол-во гардеробных - 2. Вместе с квартирой можно отдельно приобрести 2 машиноместа в подземном паркинге. </p><p><br></p><p>ЖК «Трубецкая 10» расположен в одном из самых чистых районов центра столицы — Хамовниках. Представляет собой 12-этажное здание с 10-уровневыми торцевыми корпусами, внутри которых расположился внутренний двор. Площади двух нижних этажей отданы под объекты внутренней инфраструктуры, включающей бильярдную и сигарную комнаты, зону отдыха, зимний сад, библиотеку, детский центр и спорткомплекс.</p>",puchkova-svetlana,USD,225,5,4,12,Дизайнерский,2014,Монолитно-кирпичный,,3.4,,,Подземная,Частная,2,2,,,,
room-19,room-19,628debfda8ef95588c986c04,628dee47a8efc00612065453,Wed May 25 2022 08:52:23 GMT+0000 (Coordinated Universal Time),Wed Sep 07 2022 19:16:10 GMT+0000 (Coordinated Universal Time),Wed Sep 07 2022 19:18:41 GMT+0000 (Coordinated Universal Time),"5-к квартира, 215 м², 6/8 этаж",330 000 000,1 532 745,hamovniki,https://api-maps.yandex.ru/services/constructor/1.0/js/?um=constructor%3A821d90f3e84774ba58d9e7d462dc5bfc694658e2c638cec00caad458475f91db&amp;width=100%25&amp;height=400&amp;lang=en_FR&amp;scroll=true,"Москва, Усачёва улица, 2с3",https://uploads-ssl.webflow.com/620e15709e3fbe1a70764578/628e226d057fb5c77285b8b0_4cee214ccd837e5af8a942b09a15b6f7.jpg,https://uploads-ssl.webflow.com/620e15709e3fbe1a70764578/628e2266889fbde07c135488_8d726025ddc837e99eee0a528b6592c2.jpg; https://uploads-ssl.webflow.com/620e15709e3fbe1a70764578/628e2266b66fb750bfb4dd2c_830e9ab09c971f28ccbdd3835114fd6c.jpg; https://uploads-ssl.webflow.com/620e15709e3fbe1a70764578/628e2266ef1d7178958ca4c9_9279b3f9447743609be8cfe384f85063.jpg; https://uploads-ssl.webflow.com/620e15709e3fbe1a70764578/628e226670ba9a31e87ca552_a18dd000feb2a9857c6083f6f850c111.jpg; https://uploads-ssl.webflow.com/620e15709e3fbe1a70764578/628e2265ed20ad03eed86850_bd22ea6190ca1fc2c61f7ae70669e7ac.jpg,"<p>Великолепная 5-ти комнатная квартира с видом на парк Мандельштама. В квартире выполнен дизайнерский ремонт с использованием качественных материалов, заменены стеклопакеты, установлена система ""умный дом"".Функциональная планировка квартиры включает прихожую с гардеробной комнатой для сезонной одежды и строенными шкафами, гостиную - столовую, кухню, кабинет, мастер спальню с двумя гардеробными комнатами и своим санузлом, детский блок включает две спальные комнаты, игровой холл, санузел, постирочная комната, гостевой санузел. Из окон квартиры открываются великолепные виды на панораму Москвы, в том числе парк Мандельштама. Квартира полностью меблирована. Оборудована бытовой Gaggenau, Liebherr, Miele.</p><p><br></p><p>Описание здания: </p><p>ЖК Фьюжен парк - один из лучших многофункциональных административно-жилых комплексов премиум-класса в Москве, отличающийся уникальной инфраструктурой и удобной транспортной доступностью.</p><p>Архитектурная концепция «Фьюжн Парка» содержит элементы эклектики: стилистика ретро в элементах инфраструктуры сочетается с современным обликом комплекса в стиле неоконструктивизма и новейшими технологиями домостроения. Соседство с парком, развитая инфраструктура элитного района Москвы, благоустроенная охраняемая территория и клубная инфраструктура жилого комплекса – здесь есть все, что нужно для комфортной жизни в большом городе.</p><p>Смешение стилей, в которой построен комплекс, представляет собой гармонию демократичности, уникальности и функциональности. Жилой комплекс возведен в Хамовниках на пересечении улиц Малая Трубецкая и Усачева, рядом с парком им. Мандельштама (памятник садово-паркового искусства «Усадьба Трубецких в Хамовниках»).</p><p>ЖК «Фьюжн Парк» включает в себя 5 корпусов: это жилой корпус А на 236 квартир, состоящий из четырех зданий различной этажности от 5 до 11-ти этажей, с нежилым первым этажом и подземной автостоянкой на 360 машиномест; корпус Б, являющийся частью помещений фитнес-центра, в котором находятся бассейн, зона аква-фитнеса и SPA-центр; корпус В – 5-этажное офисное здание с кафе на первом этаже и подземной автостоянкой на 56 машиномест; корпус Г - офисное здание переменной этажности высотой 1, 5 и 6 этажей; корпус Д – двухэтажное здание городского музея ретро-автомобилей «Автовилль», в котором расположен известный ресторан «Москвич». </p>",puchkova-svetlana,RUB,215.3,5,6,8,Дизайнерский,2014,Монолитно-кирпичный,,3.2,1,1,Подземная,Частная,,2,,,,Во двор и на улицу
room-2,room-2,628debfda8ef95588c986c04,628dee3960cc523ff10ac76a,Wed May 25 2022 08:52:09 GMT+0000 (Coordinated Universal Time),Wed Sep 07 2022 19:18:05 GMT+0000 (Coordinated Universal Time),Wed Sep 07 2022 19:18:41 GMT+0000 (Coordinated Universal Time),"5-к квартира, 300 м², 6/6 этаж",7 300 000,1 946 667,hamovniki,https://api-maps.yandex.ru/services/constructor/1.0/js/?um=constructor%3Ad856487c6390526c149a557b75c71e492d459502311ae058dba29968bc0141c2&amp;width=100%25&amp;height=400&amp;lang=en_FR&amp;scroll=true,"Москва, Бутиковский переулок, 3",https://uploads-ssl.webflow.com/620e15709e3fbe1a70764578/628e15d5096a516d3d3b8a57_8b2aad5663c81c78b570c1c7331c26ff.jpg,https://uploads-ssl.webflow.com/620e15709e3fbe1a70764578/628e142f5db4e8ec7d000c7b_58d8fc1e0a46e4772b70b533d31e0734-2.jpg; https://uploads-ssl.webflow.com/620e15709e3fbe1a70764578/628e142f5ed89e11061d0d69_78d61342d701666ff9ba0a6b2f8116e8.jpg; https://uploads-ssl.webflow.com/620e15709e3fbe1a70764578/628e15d045c036f629c53994_464db7afb6d318d4c9803a6f1a073b7d.jpg; https://uploads-ssl.webflow.com/620e15709e3fbe1a70764578/628e142fa6929e5638b0a01a_30709ff94741c8c511990c93d4009f0f.jpg; https://uploads-ssl.webflow.com/620e15709e3fbe1a70764578/628e15d0d50c848bcb006c33_ac0b6966f2b2717de8a007aac4531ce0.jpg,"<p>Описание объекта: </p><p>2-х уровневый пентхаус в элитном ЖК Купер Хаус расположенном в районе Золотой Мили. </p><p>Планировка пентхауса: первый уровень: гостиная со вторым светом объединенная с кухней и столовой, детская спальня со своим санузлом, гостевая спальня с санузлом, кабинет, гостевой санузел, гардеробная комната, постирочная комната,балкон; На втором уровне расположена мастер спальня с своим санузлом и большой гардеробной комнатой, терраса для круглогодичного использования, зона библиотеки. Дизайнерский ремонт, мебель и техника от ведущих производителей. Климат контроль, теплый полы. В пентхаусе установлена система ""умный дом"".</p><p><br></p><p>Описание здания:</p><p>«Copper House» - это элитный жилой комплекс. 6-этажный дом включает 3 корпуса, объединенных стеклянной галереей. Фасады зданий отделаны пластинами из патинированной меди. Внутренняя отделка выполнена из дорогостоящих материалов. Подземный паркинг.</p><p><br></p><p>Всего в доме 18 квартир площадью от 127 до 470 кв. м. Высота потолков достигает 3,6 м. Квартиры имеют</p><p>прекрасные видовые характеристики на центр Москвы, во внутренний парк. Входные двери бронированы, на окнах установлены тройные деревянные стеклопакеты. В каждой квартире установлена надежная система пожаротушения, система «умный дом», система кондиционирования воздуха.</p><p>Безопасность обеспечивается многоуровневой системой охраны.</p>",puchkova-svetlana,USD,300,5,6,6,Дизайнерский,2004,Монолитно-кирпичный,,3.5,Нет,1,Подземная,Частная,3,1,ИСТИНА,1,20,
room-21,room-20,628debfda8ef95588c986c04,628e2151c80dc74a98f94d96,Wed May 25 2022 12:30:09 GMT+0000 (Coordinated Universal Time),Wed Sep 07 2022 19:15:56 GMT+0000 (Coordinated Universal Time),Wed Sep 07 2022 19:18:41 GMT+0000 (Coordinated Universal Time),"3-к квартира, 152 м², 2/6 этаж",341 000 000,2 243 421,hamovniki,https://api-maps.yandex.ru/services/constructor/1.0/js/?um=constructor%3A6282509f9db9ca7031538671815d93d2e9cb13b972133aa5ea817ce26a966f98&amp;width=100%25&amp;height=400&amp;lang=en_FR&amp;scroll=true,"Москва, Бутиковский переулок, 5",https://uploads-ssl.webflow.com/620e15709e3fbe1a70764578/6290f7cca2e57f511bcd8625_b36ceba480b289e4431cf5567a215ba0.jpg,https://uploads-ssl.webflow.com/620e15709e3fbe1a70764578/6290f7d27928902c16768d71_3ff022e7a09c4ced9fdd8282e1dce471.jpg; https://uploads-ssl.webflow.com/620e15709e3fbe1a70764578/6290f7d1bfdbceca09a26631_4f2490a0bcde8c0e2415998a2e372b5f.jpg; https://uploads-ssl.webflow.com/620e15709e3fbe1a70764578/6290f7d11bc5f44428fffca0_cb5829b9a33d0359bc82da0ef722d09f.jpg; https://uploads-ssl.webflow.com/620e15709e3fbe1a70764578/6290f7d1112ee95077b87e4c_21bbf29c91c678ceb39fb934c9e17bee.jpg; https://uploads-ssl.webflow.com/620e15709e3fbe1a70764578/6290fc0a062be76e80fbb770_60a80cd7a22dbb5d2a899aee169368eb.jpg,"<p>Квартира с отделкой в клубном жилом комплексе Grand-Prix House в самом центре Золотой мили. Планировка: гостиная-столовая с зоной кухни, мастер-спальня с санузлом и гардеробной, кабинет (или вторая спальня), гостевой санузел, постирочная. В квартире выполнен качественный ремонт по дизайн-проекту студии Александра Гликмана. Квартира меблирована и оборудована встроенной бытовой техникой. Из окон квартиры открываются приятные виды в благоустроенный двор. <br></p><p><br></p><p>Премиальный жилой комплекс Grand-Prix House построен в 2005 году по проекту архитектора Сергея Скуратова. Это клубный дом на 35 квартир, который расположился в тихом и зеленом Бутиковском переулке. Дом гармонично вписан в окружающий ландшафт исторического района Москвы. В отделке фасада дома использован натуральный камень и бельгийский бельгийский чёрный кирпич, дуб и алюминий. Индивидуальный стиль дома подчеркивают разноформатные окна и асимметричная конструкция. Интерьер лобби соответствует статусу жилого комплекса. Здесь обустроены уютные зоны отдыха для жильцов и их гостей, работает консьерж-служба. В отделке использован натуральный мрамор, дорогие породы дерева. Благодаря панорамным окнам пространство входных групп очень светлое. На цокольном этаже дома расположены офисные помещения и круглосуточный фитнес-зал с бассейном и сауной. Приватность и тишина это, несомненно, одно из важнейших требований к жилью высокого уровня. В отличие от многих других элитных домов, расположенных в старинных переулках Москвы, Grand-Prix House имеет большой внутренний двор, который полностью скрыт от посторонних глаз. Во дворе обустроена детская игровая площадка. Территория ЖК огорожена, охраняется и находится под видеонаблюдением. Имеется подземный паркинг на 90 машиномест. В Grand-Prix House установлены системы приточно-вытяжной вентиляции, кондиционирования Daikin, фильтрации и обработки воды, проведены отопительные радиаторы с медной разводкой. Имеется собственный тепловой пункт.</p>",puchkova-svetlana,RUB,152,3,2,6,Дизайнерский,2003,Монолитно-кирпичный,,3.2,1,1,Подземная,Частная,,2,,,39,
room-20,room-21,628debfda8ef95588c986c04,628dee485ed89e05da1c0b21,Wed May 25 2022 08:52:24 GMT+0000 (Coordinated Universal Time),Wed Sep 07 2022 19:16:03 GMT+0000 (Coordinated Universal Time),Wed Sep 07 2022 19:18:41 GMT+0000 (Coordinated Universal Time),"3-к квартира, 278 м², 4/6 этаж",350 000 000,1 258 993,hamovniki,https://api-maps.yandex.ru/services/constructor/1.0/js/?um=constructor%3A6282509f9db9ca7031538671815d93d2e9cb13b972133aa5ea817ce26a966f98&amp;width=100%25&amp;height=400&amp;lang=en_FR&amp;scroll=true,"Москва, Бутиковский переулок, 3",https://uploads-ssl.webflow.com/620e15709e3fbe1a70764578/628e22c603dc90536b97b779_dd8bd7cc5228159c64fef4f648820081.jpg,https://uploads-ssl.webflow.com/620e15709e3fbe1a70764578/628e22c672c3881910b85264_38eda28ff4b7a2b13beb5415164b9edc.jpg; https://uploads-ssl.webflow.com/620e15709e3fbe1a70764578/628e22c641d21c8162f5ccb1_287ec17e0bfcb7ca8a6c8658813946c8.jpg; https://uploads-ssl.webflow.com/620e15709e3fbe1a70764578/628e22c63d762f67b60ae254_0573ee42e0160eb198fff998424acb79.jpg; https://uploads-ssl.webflow.com/620e15709e3fbe1a70764578/628e22c603dc90536b97b779_dd8bd7cc5228159c64fef4f648820081.jpg; https://uploads-ssl.webflow.com/620e15709e3fbe1a70764578/628e22c610d576412dc306d6_f280eea3eaf5ece147e222a1554dafbe.jpg,"<p>Описание объекта: </p><p>4-х комнатная квартира с дизайнерским ремонтом в стиле ар-деко, общей площадью 272,2 м², Планировка квартиры: гостиная-кухня-столовая, две спальни, кабинет, 3 санузла и 2 балкона.Квартира оформлена фотографиями Хельмута Ньютона. Виды на реку и зеленый двор. Высота потолков 3,5 м</p><p><br></p><p>Описание здания:</p><p>«Copper House» - это элитный жилой комплекс. 6-этажный дом включает 3 корпуса, объединенных стеклянной галереей. Фасады зданий отделаны пластинами из патинированной меди. Внутренняя отделка выполнена из дорогостоящих материалов. Подземный паркинг.</p><p><br></p><p>Всего в доме 21 квартира площадью от 127 до 470 кв. м. Высота потолков достигает 3,6 м. Квартиры имеют</p><p>прекрасные видовые характеристики на центр Москвы, во внутренний парк. Входные двери бронированы, на окнах установлены тройные деревянные стеклопакеты. В каждой квартире установлена надежная система пожаротушения, система «умный дом», система кондиционирования воздуха.</p><p>Безопасность обеспечивается многоуровневой системой охраны.</p>",puchkova-svetlana,RUB,278,3,4,6,Косметический,2004,Монолитно-кирпичный,,3.4,1,,Подземная,Частная,3,1,,,21,Во двор и на улицу
room-22,room-22,628debfda8ef95588c986c04,628e21512dde1f25e805ed12,Wed May 25 2022 12:30:09 GMT+0000 (Coordinated Universal Time),Wed Sep 07 2022 19:15:44 GMT+0000 (Coordinated Universal Time),Wed Sep 07 2022 19:18:41 GMT+0000 (Coordinated Universal Time),"2-к квартира, 103 м², 3/10 этаж",2 600 000,2 019 417,hamovniki,https://api-maps.yandex.ru/services/constructor/1.0/js/?um=constructor%3A821d90f3e84774ba58d9e7d462dc5bfc694658e2c638cec00caad458475f91db&amp;width=100%25&amp;height=400&amp;lang=en_FR&amp;scroll=true,"Москва, Усачёва улица, 2с3",https://uploads-ssl.webflow.com/620e15709e3fbe1a70764578/6290f8592e9f46194ea9389d_df390afd573eb7dfbed9a31467403a0b.jpg,https://uploads-ssl.webflow.com/620e15709e3fbe1a70764578/6290f85f44dce56097392244_3e196093d9f8f57d914b28b8c5e50099.jpg; https://uploads-ssl.webflow.com/620e15709e3fbe1a70764578/6290f8592e9f46194ea9389d_df390afd573eb7dfbed9a31467403a0b.jpg; https://uploads-ssl.webflow.com/620e15709e3fbe1a70764578/6290f85fda6f71fed1abcdab_669d512f7267b29aa5f5c377add5c097.jpg; https://uploads-ssl.webflow.com/620e15709e3fbe1a70764578/6290f85febfe792d7a15f9c3_f06464e19dfc4ce48257aeec1ffcc655.jpg; https://uploads-ssl.webflow.com/620e15709e3fbe1a70764578/6290f860bcc61650459d8430_f77253e59ce7b20880c155dfcb33be51.jpg,"<p>Описание объекта:</p><p>2-х комнатная квартира свободной планировки, без отделки. Внутреннее пространство квартиры позволяет спланировать гостиную-кухню, спальню. Кол-во стояков - 2. Панорамные окна. Высокие потолки.</p><p>Описание здания:<br></p><p>ЖК Фьюжен парк - один из лучших многофункциональных административно-жилых комплексов премиум-класса в Москве, отличающийся уникальной инфраструктурой и удобной транспортной доступностью.</p><p>Архитектурная концепция «Фьюжн Парка» содержит элементы эклектики: стилистика ретро в элементах инфраструктуры сочетается с современным обликом комплекса в стиле неоконструктивизма и новейшими технологиями домостроения. Соседство с парком, развитая инфраструктура элитного района Москвы, благоустроенная охраняемая территория и клубная инфраструктура жилого комплекса – здесь есть все, что нужно для комфортной жизни в большом городе.</p><p>Смешение стилей, в которой построен комплекс, представляет собой гармонию демократичности, уникальности и функциональности. Жилой комплекс возведен в Хамовниках на пересечении улиц Малая Трубецкая и Усачева, рядом с парком им. Мандельштама (памятник садово-паркового искусства «Усадьба Трубецких в Хамовниках»).</p><p>ЖК «Фьюжн Парк» включает в себя 5 корпусов: это жилой корпус А на 236 квартир, состоящий из четырех зданий различной этажности от 5 до 11-ти этажей, с нежилым первым этажом и подземной автостоянкой на 360 машиномест; корпус Б, являющийся частью помещений фитнес-центра, в котором находятся бассейн, зона аква-фитнеса и SPA-центр; корпус В – 5-этажное офисное здание с кафе на первом этаже и подземной автостоянкой на 56 машиномест; корпус Г - офисное здание переменной этажности высотой 1, 5 и 6 этажей; корпус Д – двухэтажное здание городского музея ретро-автомобилей «Автовилль», в котором расположен известный ресторан «Москвич». </p>",puchkova-svetlana,USD,103,2,3,10,Без ремонта,2014,Монолитно-кирпичный,,3.3,,,Подземная,Частная,,2,,,,
room-23,room-23,628debfda8ef95588c986c04,628e2152ecee87dbed2c3366,Wed May 25 2022 12:30:10 GMT+0000 (Coordinated Universal Time),Wed Sep 07 2022 19:15:13 GMT+0000 (Coordinated Universal Time),Wed Sep 07 2022 19:18:41 GMT+0000 (Coordinated Universal Time),"3-к квартира, 138 м², 3/10 этаж",2 760 000,1 600 000,hamovniki,https://api-maps.yandex.ru/services/constructor/1.0/js/?um=constructor%3A821d90f3e84774ba58d9e7d462dc5bfc694658e2c638cec00caad458475f91db&amp;width=100%25&amp;height=400&amp;lang=en_FR&amp;scroll=true,"Москва, Усачёва улица, 2с3",https://uploads-ssl.webflow.com/620e15709e3fbe1a70764578/6290f85fda6f71fed1abcdab_669d512f7267b29aa5f5c377add5c097.jpg,https://uploads-ssl.webflow.com/620e15709e3fbe1a70764578/6290f89f9f38b10420cfb20e_be2f144f63e6cad3ac02ea6fc4af4ec3.jpg; https://uploads-ssl.webflow.com/620e15709e3fbe1a70764578/6290f8592e9f46194ea9389d_df390afd573eb7dfbed9a31467403a0b.jpg; https://uploads-ssl.webflow.com/620e15709e3fbe1a70764578/6290f85febfe792d7a15f9c3_f06464e19dfc4ce48257aeec1ffcc655.jpg; https://uploads-ssl.webflow.com/620e15709e3fbe1a70764578/6290f860bcc61650459d8430_f77253e59ce7b20880c155dfcb33be51.jpg; https://uploads-ssl.webflow.com/620e15709e3fbe1a70764578/6290f85fda6f71fed1abcdab_669d512f7267b29aa5f5c377add5c097.jpg,"<p>Описание объекта:</p><p>3-х комнатная квартира свободной планировки, без отделки. Внутреннее пространство квартиры позволяет спланировать гостиную-кухню, 2 спальни. Кол-во стояков - 2. Панорамные окна. Высокие потолки.<br></p><p>Описание здания:</p><p>ЖК Фьюжен парк - один из лучших многофункциональных административно-жилых комплексов премиум-класса в Москве, отличающийся уникальной инфраструктурой и удобной транспортной доступностью.</p><p>Архитектурная концепция «Фьюжн Парка» содержит элементы эклектики: стилистика ретро в элементах инфраструктуры сочетается с современным обликом комплекса в стиле неоконструктивизма и новейшими технологиями домостроения. Соседство с парком, развитая инфраструктура элитного района Москвы, благоустроенная охраняемая территория и клубная инфраструктура жилого комплекса – здесь есть все, что нужно для комфортной жизни в большом городе.</p><p>Смешение стилей, в которой построен комплекс, представляет собой гармонию демократичности, уникальности и функциональности. Жилой комплекс возведен в Хамовниках на пересечении улиц Малая Трубецкая и Усачева, рядом с парком им. Мандельштама (памятник садово-паркового искусства «Усадьба Трубецких в Хамовниках»).</p><p>ЖК «Фьюжн Парк» включает в себя 5 корпусов: это жилой корпус А на 236 квартир, состоящий из четырех зданий различной этажности от 5 до 11-ти этажей, с нежилым первым этажом и подземной автостоянкой на 360 машиномест; корпус Б, являющийся частью помещений фитнес-центра, в котором находятся бассейн, зона аква-фитнеса и SPA-центр; корпус В – 5-этажное офисное здание с кафе на первом этаже и подземной автостоянкой на 56 машиномест; корпус Г - офисное здание переменной этажности высотой 1, 5 и 6 этажей; корпус Д – двухэтажное здание городского музея ретро-автомобилей «Автовилль», в котором расположен известный ресторан «Москвич». </p>",puchkova-svetlana,USD,138,3,3,10,Без ремонта,2014,Монолитно-кирпичный,,3.3,1,1,,Частная,,2,,,236,
room-24,room-24,628debfda8ef95588c986c04,628e2152a8d6200a6423b9f8,Wed May 25 2022 12:30:10 GMT+0000 (Coordinated Universal Time),Wed Sep 07 2022 19:15:28 GMT+0000 (Coordinated Universal Time),Wed Sep 07 2022 19:18:41 GMT+0000 (Coordinated Universal Time),"4-к квартира, 245 м², 4/7 этаж",289 000 000,1 179 592,hamovniki,https://api-maps.yandex.ru/services/constructor/1.0/js/?um=constructor%3A5d55aaae3dea900d1f4382784d4eba4f800a60879564d09ca3822f273e79829f&amp;width=100%25&amp;height=400&amp;lang=en_FR&amp;scroll=true,"Москва, Большой Левшинский переулок, 11",https://uploads-ssl.webflow.com/620e15709e3fbe1a70764578/6290f8ed6da43bf8ac0134e5_a5bb11d43708226b9d03991fd3fb84f3.jpg,https://uploads-ssl.webflow.com/620e15709e3fbe1a70764578/6290f8ed6da43bf8ac0134e5_a5bb11d43708226b9d03991fd3fb84f3.jpg; https://uploads-ssl.webflow.com/620e15709e3fbe1a70764578/6290f8ffdc76181201cd9ce9_9e8b0eb24fcadb3bd2fc2354bda10d05.jpg; https://uploads-ssl.webflow.com/620e15709e3fbe1a70764578/628e1c1f3ede1d4e8752986d_de054f04ba6cd044fc6f4a6770aa7e9e.jpg; https://uploads-ssl.webflow.com/620e15709e3fbe1a70764578/6290f8ff533cb6224eeaa99b_afb58acee247c83fe756b6ccafc37dbd.jpg; https://uploads-ssl.webflow.com/620e15709e3fbe1a70764578/628e1c19a50d81a776c8e28a_566c0b898e55c9128272138264c59d7d.jpg,"<p>Описание объекта недвижимости:</p><p>Квартира свободной планировки без отделки. Внутренне пространство квартиры позволяет спланировать большую зону гостиной со столовой и кухней, с выходом на балкон и действующим дровяным камином, 3 спальни со своими санузлами и гардеробными комнатами, кабинет. Панорамное остекление. Из окон квартиры открываются виды на арбатские переулки, здание МИДа.</p><p>Описание здания:</p><p>Элитный дом «Дворянское гнездо» по праву считается одним из красивейших в районе Пречистенки. Стильный фасад семиэтажного дома дополняется внутренним двором с ландшафтным дизайном, выполненным в уникальном итальянском стиле. По периметру двор украшают увитые диким виноградом беседки, в центре бьет настоящий римский фонтан. Украшением дома служит редкой красоты бассейн с мозаичными панно на стенах. Территория огорожена и находится под круглосуточным видеонаблюдением. Подземный паркинг. Многоуровневая охрана.</p>",puchkova-svetlana,RUB,245,4,4,7,Без ремонта,2003,Монолитно-кирпичный,,3.3,,,Подземная,Частная,,2,,,27,
room-26,room-26,628debfda8ef95588c986c04,628e2153bbbd26cb91a5a2c7,Wed May 25 2022 12:30:11 GMT+0000 (Coordinated Universal Time),Wed Sep 07 2022 19:15:00 GMT+0000 (Coordinated Universal Time),Wed Sep 07 2022 19:18:41 GMT+0000 (Coordinated Universal Time),"4-к квартира, 278 м², 7/7 этаж",8 500 000,2 446 043,hamovniki,https://api-maps.yandex.ru/services/constructor/1.0/js/?um=constructor%3A3c5dafcc601a43abfbd5e338c274f345db9d3e305291b5e5fb77fc94b6b2c872&amp;width=100%25&amp;height=400&amp;lang=en_FR&amp;scroll=true,"Москва, Большой Левшинский переулок, 11",https://uploads-ssl.webflow.com/620e15709e3fbe1a70764578/628e1c19a50d81a776c8e28a_566c0b898e55c9128272138264c59d7d.jpg,https://uploads-ssl.webflow.com/620e15709e3fbe1a70764578/6290f8ed6da43bf8ac0134e5_a5bb11d43708226b9d03991fd3fb84f3.jpg; https://uploads-ssl.webflow.com/620e15709e3fbe1a70764578/6290f8ffdc76181201cd9ce9_9e8b0eb24fcadb3bd2fc2354bda10d05.jpg; https://uploads-ssl.webflow.com/620e15709e3fbe1a70764578/628e1c1f3ede1d4e8752986d_de054f04ba6cd044fc6f4a6770aa7e9e.jpg; https://uploads-ssl.webflow.com/620e15709e3fbe1a70764578/6290f8ff533cb6224eeaa99b_afb58acee247c83fe756b6ccafc37dbd.jpg; https://uploads-ssl.webflow.com/620e15709e3fbe1a70764578/628e1c19a50d81a776c8e28a_566c0b898e55c9128272138264c59d7d.jpg,"<p>Описание объекта недвижимости:</p><p>Пентхаус без отделки. Внутренне пространство квартиры позволяет спланировать большую зону гостиной со столовой и кухней, с выходом на открытую террасу, 3 спальни со своими санузлами и гардеробными комнатами, кабинет. Индивидуальный лифт. Дровяной камин. Панорамное остекление. Из окон пентхауса открываются великолепные виды на арбатские переулки, здание МИДа. </p><p>Описание здания:</p><p>Элитный дом «Дворянское гнездо» по праву считается одним из красивейших в районе Пречистенки. Стильный фасад семиэтажного дома дополняется внутренним двором с ландшафтным дизайном, выполненным в уникальном итальянском стиле. По периметру двор украшают увитые диким виноградом беседки, в центре бьет настоящий римский фонтан. Украшением дома служит редкой красоты бассейн с мозаичными панно на стенах. Территория огорожена и находится под круглосуточным видеонаблюдением. Подземный паркинг. Многоуровневая охрана.</p>",puchkova-svetlana,USD,278,4,7,7,Без ремонта,2003,Монолитно-кирпичный,,3.3,2,2,Подземная,Частная,,1,ИСТИНА,1,,
room-27,room-27,628debfda8ef95588c986c04,628e2153ad3886da1ab2f1b8,Wed May 25 2022 12:30:11 GMT+0000 (Coordinated Universal Time),Wed Sep 07 2022 19:14:54 GMT+0000 (Coordinated Universal Time),Wed Sep 07 2022 19:18:41 GMT+0000 (Coordinated Universal Time),"Квартира своб. планировки, 490 м², 3/7 этаж",578 000 000,1 179 592,hamovniki,https://api-maps.yandex.ru/services/constructor/1.0/js/?um=constructor%3Ae8e933d57384a283cb66c4a449d2a44706479918a850f8125c25e4c8cfcc0d8d&amp;width=100%25&amp;height=400&amp;lang=en_FR&amp;scroll=true,"Москва, Большой Левшинский переулок, 11",https://uploads-ssl.webflow.com/620e15709e3fbe1a70764578/6290f8ffdc76181201cd9ce9_9e8b0eb24fcadb3bd2fc2354bda10d05.jpg,https://uploads-ssl.webflow.com/620e15709e3fbe1a70764578/6290f8ed6da43bf8ac0134e5_a5bb11d43708226b9d03991fd3fb84f3.jpg; https://uploads-ssl.webflow.com/620e15709e3fbe1a70764578/6290f8ffdc76181201cd9ce9_9e8b0eb24fcadb3bd2fc2354bda10d05.jpg; https://uploads-ssl.webflow.com/620e15709e3fbe1a70764578/628e1c1f3ede1d4e8752986d_de054f04ba6cd044fc6f4a6770aa7e9e.jpg; https://uploads-ssl.webflow.com/620e15709e3fbe1a70764578/6290f8ff533cb6224eeaa99b_afb58acee247c83fe756b6ccafc37dbd.jpg; https://uploads-ssl.webflow.com/620e15709e3fbe1a70764578/628e1c19a50d81a776c8e28a_566c0b898e55c9128272138264c59d7d.jpg,"<p>Описание объекта недвижимости:</p><p>Пентхаус без отделки. Внутренне пространство квартиры позволяет спланировать большую зону гостиной со столовой и кухней, с выходом на открытую террасу, 3 спальни со своими санузлами и гардеробными комнатами, кабинет. Индивидуальный лифт. Дровяной камин. Панорамное остекление. Из окон пентхауса открываются великолепные виды на арбатские переулки, здание МИДа. </p><p>Описание здания:</p><p>Элитный дом «Дворянское гнездо» по праву считается одним из красивейших в районе Пречистенки. Стильный фасад семиэтажного дома дополняется внутренним двором с ландшафтным дизайном, выполненным в уникальном итальянском стиле. По периметру двор украшают увитые диким виноградом беседки, в центре бьет настоящий римский фонтан. Украшением дома служит редкой красоты бассейн с мозаичными панно на стенах. Территория огорожена и находится под круглосуточным видеонаблюдением. Подземный паркинг. Многоуровневая охрана.</p>",puchkova-svetlana,RUB,490,Свободная планировка,3,7,Без ремонта,2003,Монолитно-кирпичный,,3.3,2,2,Подземная,Частная,,27,,,2,
room-28,room-28,628debfda8ef95588c986c04,628e2154b3c7bccb1d6e8ed7,Wed May 25 2022 12:30:12 GMT+0000 (Coordinated Universal Time),Wed Sep 07 2022 19:14:48 GMT+0000 (Coordinated Universal Time),Wed Sep 07 2022 19:18:41 GMT+0000 (Coordinated Universal Time),"5-к квартира, 242 м², 3/10 этаж",4 820 000,1 593 388,hamovniki,https://api-maps.yandex.ru/services/constructor/1.0/js/?um=constructor%3A9eb7d1f0e9f2fa6c43b31f4a6e4155d75bead2ddc221ec0afad83337c597282e&amp;width=100%25&amp;height=400&amp;lang=en_FR&amp;scroll=true,"Москва, Усачёва улица, 2с3",https://uploads-ssl.webflow.com/620e15709e3fbe1a70764578/6290f8592e9f46194ea9389d_df390afd573eb7dfbed9a31467403a0b.jpg,https://uploads-ssl.webflow.com/620e15709e3fbe1a70764578/6290f9bc568302903cf247c3_416a30993181585d5b6aec01eb35a3c2.jpg; https://uploads-ssl.webflow.com/620e15709e3fbe1a70764578/6290f8592e9f46194ea9389d_df390afd573eb7dfbed9a31467403a0b.jpg; https://uploads-ssl.webflow.com/620e15709e3fbe1a70764578/6290f85fda6f71fed1abcdab_669d512f7267b29aa5f5c377add5c097.jpg; https://uploads-ssl.webflow.com/620e15709e3fbe1a70764578/6290f85febfe792d7a15f9c3_f06464e19dfc4ce48257aeec1ffcc655.jpg; https://uploads-ssl.webflow.com/620e15709e3fbe1a70764578/6290f860bcc61650459d8430_f77253e59ce7b20880c155dfcb33be51.jpg,"<p>Описание объекта:</p><p>5-ти комнатная квартира свободной планировки, без отделки. Внутреннее пространство квартиры позволяет спланировать гостиную-кухню, 3-4 спальни, кабинет. Кол-во стояков - 4. Панорамные окна. Высокие потолки.</p><p><br></p><p>Описание здания:</p><p>ЖК Фьюжен парк - один из лучших многофункциональных административно-жилых комплексов премиум-класса в Москве, отличающийся уникальной инфраструктурой и удобной транспортной доступностью.</p><p>Архитектурная концепция «Фьюжн Парка» содержит элементы эклектики: стилистика ретро в элементах инфраструктуры сочетается с современным обликом комплекса в стиле неоконструктивизма и новейшими технологиями домостроения. Соседство с парком, развитая инфраструктура элитного района Москвы, благоустроенная охраняемая территория и клубная инфраструктура жилого комплекса – здесь есть все, что нужно для комфортной жизни в большом городе.</p><p>Смешение стилей, в которой построен комплекс, представляет собой гармонию демократичности, уникальности и функциональности. Жилой комплекс возведен в Хамовниках на пересечении улиц Малая Трубецкая и Усачева, рядом с парком им. Мандельштама (памятник садово-паркового искусства «Усадьба Трубецких в Хамовниках»).</p><p>ЖК «Фьюжн Парк» включает в себя 5 корпусов: это жилой корпус А на 236 квартир, состоящий из четырех зданий различной этажности от 5 до 11-ти этажей, с нежилым первым этажом и подземной автостоянкой на 360 машиномест; корпус Б, являющийся частью помещений фитнес-центра, в котором находятся бассейн, зона аква-фитнеса и SPA-центр; корпус В – 5-этажное офисное здание с кафе на первом этаже и подземной автостоянкой на 56 машиномест; корпус Г - офисное здание переменной этажности высотой 1, 5 и 6 этажей; корпус Д – двухэтажное здание городского музея ретро-автомобилей «Автовилль», в котором расположен известный ресторан «Москвич». </p>",puchkova-svetlana,USD,242,5,3,10,Без ремонта,2014,Монолитно-кирпичный,,3.3,1,1,Подземная,Частная,,2,,,236,
room-29,room-29,628debfda8ef95588c986c04,628e21544d93afbd7172ebf6,Wed May 25 2022 12:30:12 GMT+0000 (Coordinated Universal Time),Wed Sep 07 2022 19:14:41 GMT+0000 (Coordinated Universal Time),Wed Sep 07 2022 19:18:41 GMT+0000 (Coordinated Universal Time),"4-к квартира, 245 м², 3/7 этаж",289 000 000,1 179 592,hamovniki,https://api-maps.yandex.ru/services/constructor/1.0/js/?um=constructor%3A98846fb5b33000be021b50ce299afd6d8f8874c8447650cbfe5dbe8c0e261792&amp;width=100%25&amp;height=400&amp;lang=en_FR&amp;scroll=true,"Москва, Большой Левшинский переулок, 11",https://uploads-ssl.webflow.com/620e15709e3fbe1a70764578/628e1c19a50d81a776c8e28a_566c0b898e55c9128272138264c59d7d.jpg,https://uploads-ssl.webflow.com/620e15709e3fbe1a70764578/628e1c19a50d81a776c8e28a_566c0b898e55c9128272138264c59d7d.jpg; https://uploads-ssl.webflow.com/620e15709e3fbe1a70764578/6290f8ff533cb6224eeaa99b_afb58acee247c83fe756b6ccafc37dbd.jpg; https://uploads-ssl.webflow.com/620e15709e3fbe1a70764578/628e1c1f3ede1d4e8752986d_de054f04ba6cd044fc6f4a6770aa7e9e.jpg; https://uploads-ssl.webflow.com/620e15709e3fbe1a70764578/6290f8ffdc76181201cd9ce9_9e8b0eb24fcadb3bd2fc2354bda10d05.jpg; https://uploads-ssl.webflow.com/620e15709e3fbe1a70764578/6290f8ed6da43bf8ac0134e5_a5bb11d43708226b9d03991fd3fb84f3.jpg,"<p>Описание объекта недвижимости:</p><p>Пентхаус без отделки. Внутренне пространство квартиры позволяет спланировать большую зону гостиной со столовой и кухней, с выходом на открытую террасу, 3 спальни со своими санузлами и гардеробными комнатами, кабинет. Индивидуальный лифт. Дровяной камин. Панорамное остекление. Из окон пентхауса открываются великолепные виды на арбатские переулки, здание МИДа. </p><p>Описание здания:</p><p>Элитный дом «Дворянское гнездо» по праву считается одним из красивейших в районе Пречистенки. Стильный фасад семиэтажного дома дополняется внутренним двором с ландшафтным дизайном, выполненным в уникальном итальянском стиле. По периметру двор украшают увитые диким виноградом беседки, в центре бьет настоящий римский фонтан. Украшением дома служит редкой красоты бассейн с мозаичными панно на стенах. Территория огорожена и находится под круглосуточным видеонаблюдением. Подземный паркинг. Многоуровневая охрана.</p>",puchkova-svetlana,RUB,245,4,3,7,Без ремонта,2003,Монолитно-кирпичный,,3.3,2,2,Подземная,Частная,,,,,27,
room-3,room-3,628debfda8ef95588c986c04,628dee3a60cc1b0f5651c8c3,Wed May 25 2022 08:52:10 GMT+0000 (Coordinated Universal Time),Wed Sep 07 2022 19:17:59 GMT+0000 (Coordinated Universal Time),Wed Sep 07 2022 19:18:41 GMT+0000 (Coordinated Universal Time),"6-к квартира, 430 м², 6/6 этаж",690 000 000,1 604 651,hamovniki,https://api-maps.yandex.ru/services/constructor/1.0/js/?um=constructor%3Ad856487c6390526c149a557b75c71e492d459502311ae058dba29968bc0141c2&amp;width=100%25&amp;height=400&amp;lang=en_FR&amp;scroll=true,"Москва, Бутиковский переулок, 5",https://uploads-ssl.webflow.com/620e15709e3fbe1a70764578/628e162ba9c7fe484b5bf629_562f94b45648cf22ef0bd37f7d82658a.jpg,https://uploads-ssl.webflow.com/620e15709e3fbe1a70764578/628e163a34fb2d64fba69242_2d988492241bc6c3262e772219363883.jpg; https://uploads-ssl.webflow.com/620e15709e3fbe1a70764578/628e163aa704352d10d533e2_4f1d8fa6ec6dc6ca32565a33af482379.jpg; https://uploads-ssl.webflow.com/620e15709e3fbe1a70764578/628e163a895bb350eaf35db4_a2613f024f21152b59775c3f6eb19470.jpg; https://uploads-ssl.webflow.com/620e15709e3fbe1a70764578/628e163ad3a01f18d138dffd_e86830802e7091328fc276b0ee6acdf8.jpg; https://uploads-ssl.webflow.com/620e15709e3fbe1a70764578/628e163aa8efc05dc8076a89_f7e98097337fd2349cea03173d9f2036.jpg,"<p>Двухуровневый пентхаус в клубном жилом комплексе Grand-Prix House в самом центре Золотой мили. Свободная планировка позволяет разместить большую гостиную, столовую, кухню, кабинет, на первом уровне возможно организовать 3 - 4 спальни со своими гардеробными и санузлами. на втором уровне возможно организовать вторую гостиную с выходом на роскошную террасу. Предусмотрена установка дровяного камина. Из окон пентхауса открываются приятные виды на панораму Москвы и Зачатьевский монастырь.<br></p><p><br></p><p>Премиальный жилой комплекс Grand-Prix House построен в 2005 году по проекту архитектора Сергея Скуратова. Это клубный дом на 35 квартир, который расположился в тихом и зеленом Бутиковском переулке. Дом гармонично вписан в окружающий ландшафт исторического района Москвы. В отделке фасада дома использован натуральный камень и бельгийский бельгийский чёрный кирпич, дуб и алюминий. Индивидуальный стиль дома подчеркивают разноформатные окна и асимметричная конструкция. Интерьер лобби соответствует статусу жилого комплекса. Здесь обустроены уютные зоны отдыха для жильцов и их гостей, работает консьерж-служба. В отделке использован натуральный мрамор, дорогие породы дерева. Благодаря панорамным окнам пространство входных групп очень светлое. На цокольном этаже дома расположены офисные помещения и круглосуточный фитнес-зал с бассейном и сауной. Приватность и тишина это, несомненно, одно из важнейших требований к жилью высокого уровня. В отличие от многих других элитных домов, расположенных в старинных переулках Москвы, Grand-Prix House имеет большой внутренний двор, который полностью скрыт от посторонних глаз. Во дворе обустроена детская игровая площадка. Территория ЖК огорожена, охраняется и находится под видеонаблюдением. Имеется подземный паркинг на 90 машиномест. В Grand-Prix House установлены системы приточно-вытяжной вентиляции, кондиционирования Daikin, фильтрации и обработки воды, проведены отопительные радиаторы с медной разводкой. Имеется собственный тепловой пункт.</p>",puchkova-svetlana,RUB,430,6+,6,6,,2003,Монолитно-кирпичный,,3.3,1,1,Подземная,Частная,4,2,ИСТИНА,1,39,
room-30,room-30,628debfda8ef95588c986c04,628e21550d768c2f0046126c,Wed May 25 2022 12:30:13 GMT+0000 (Coordinated Universal Time),Wed Sep 07 2022 19:14:30 GMT+0000 (Coordinated Universal Time),Wed Sep 07 2022 19:18:41 GMT+0000 (Coordinated Universal Time),"4-к квартира, 240 м², 3/6 этаж",440 000 000,1 833 333,hamovniki,https://api-maps.yandex.ru/services/constructor/1.0/js/?um=constructor%3Aaac94473b45bafb76aeef23e31269ea4ea0b01490fc412feb5e7115b0f7e6491&amp;width=100%25&amp;height=400&amp;lang=en_FR&amp;scroll=true,"Москва, 2-й Зачатьевский переулок, 11",https://uploads-ssl.webflow.com/620e15709e3fbe1a70764578/6290fa9f1d18aa894b733ebf_d605ad1173ea71c401e5633838a55a2c.jpg,https://uploads-ssl.webflow.com/620e15709e3fbe1a70764578/6290faa511539ee2ea591bb6_54a3a8d434e80977f3c7b961813eabf6.jpg; https://uploads-ssl.webflow.com/620e15709e3fbe1a70764578/6290faa5e54bf01b64d4020c_8b1ec46d3122cc9bc1ff7a5fde851fea.jpg; https://uploads-ssl.webflow.com/620e15709e3fbe1a70764578/6290faa5429b5bd776d54ca7_7d033cb4be2c8e41ef9022f580f25436.jpg; https://uploads-ssl.webflow.com/620e15709e3fbe1a70764578/6290faa58d56b97b8b7f2376_801e62c02b8dfffa554577022eadc587.jpg; https://uploads-ssl.webflow.com/620e15709e3fbe1a70764578/6290faa54aa3a822e6bd7548_7011b8f132735779c17193f8cccb0714.jpg,"<p>5-ти комнтаная квартира с отделкой в классическом стиле с элементами ампира. Планировка квартиры: гостиная с балконом и видом на зеленый сквер, кухня-столовая, 4 спальни каждая со своим санузлом, 2 гардеробные комнаты, гостевой санузел, постирочная комната.</p><p>Клубный дом класса де люкс на 37 квартир в тихом переулке Остоженки. Фасад здания - неоклассицизм. Застройщик Баркли. Подземный паркинг. Охрана. Придомовая территория.</p>",puchkova-svetlana,RUB,240,4,3,6,Дизайнерский,,Монолитно-кирпичный,,3.3,,,Подземная,Частная,,2,,,37,
room-31,room-31,628debfda8ef95588c986c04,628e21554d2bf8c506d9faab,Wed May 25 2022 12:30:13 GMT+0000 (Coordinated Universal Time),Wed Sep 07 2022 19:14:22 GMT+0000 (Coordinated Universal Time),Wed Sep 07 2022 19:18:41 GMT+0000 (Coordinated Universal Time),"4-к квартира, 208 м², 3/6 этаж",4 160 000,1 600 000,hamovniki,https://api-maps.yandex.ru/services/constructor/1.0/js/?um=constructor%3A031dd0e238921e127281131e85c2ab033ff4483e3bff0f12404271e5d030f0b8&amp;width=100%25&amp;height=400&amp;lang=en_FR&amp;scroll=true,"Москва, Коробейников переулок, 1",https://uploads-ssl.webflow.com/620e15709e3fbe1a70764578/6290fb019fae2afbaceea280_20c1e29968a3208a6b247503fbb93781.jpg,https://uploads-ssl.webflow.com/620e15709e3fbe1a70764578/6290fafcc7eeba487ef4c3fb_4807dc85848aaa027bef5945cf6bbf1e.jpg; https://uploads-ssl.webflow.com/620e15709e3fbe1a70764578/6290fafcca3adb3c55ff03f6_99d5fd0b5f054dc332bfda5ecf03279b.jpg; https://uploads-ssl.webflow.com/620e15709e3fbe1a70764578/6290fafcda6f71fd41abf3c2_4bad57877076d522803de5f9bbf1efed.jpg; https://uploads-ssl.webflow.com/620e15709e3fbe1a70764578/6290fafc82550f7d61c01636_d59e45bdd8cee88ad271bedfa0a225a4.jpg; https://uploads-ssl.webflow.com/620e15709e3fbe1a70764578/6290fafc0c326b13e635e7cc_29fb015f156ee94df96738bb6a927a3e.jpg,"<p>Описание объекта:</p><p>4-х комнатная квартира свободной планировки, без отделки. Внутренне пространство квартиры позволяет организовать зону гостиной - кухни, 3 спальни, количество мокрых точек - 3. Панорамные окна. Высокие потолки.<br></p><p>Описание здания:</p><p>Crystal House- элитный жилой комплекс в историческом центре Москвы. Клубный комплекс состоит из четырех 6- этажных строений. Фасад дома отделан итальянским керамогранитом и облицовочным кирпичом, а цоколь - натуральным гранитом. Квартиры располагаются на этажах со 2 по 6. 1 этаж занимают красивые просторные вестибюли, офисные помещения и выход во внутренний двор с продуманным ландшафтным дизайном. </p><p>Район, в котором расположен дом, является самым престижным и гарантирует владельцам наличие инфраструктурных объектов, соответствующих высоким стандартам: престижные школы, лучшие московские рестораны, спортивные студии и салоны красоты. Рядом с домом - набережная Москвы-реки, идеальная для прогулок в любое время года, а также памятники архитектуры, создающие особую атмосферу района: Зачатьевский монастырь, оперный центр Г. Вишневской, ММОМА. В доме предусмотрен 2-уровневый подземный паркинг на 287 м/м с отдельными въездами для жильцов и гостей комплекса.</p>",puchkova-svetlana,USD,208,4,3,6,Без ремонта,2006,Монолитно-кирпичный,,3.4,,1,Подземная,Частная,,2,,,,
room-32,room-32,628debfda8ef95588c986c04,628e21565a12755bea51d0bc,Wed May 25 2022 12:30:14 GMT+0000 (Coordinated Universal Time),Wed Sep 07 2022 19:14:16 GMT+0000 (Coordinated Universal Time),Wed Sep 07 2022 19:18:41 GMT+0000 (Coordinated Universal Time),"4-к квартира, 250 м², 5/9 этаж",4 500 000,1 440 000,hamovniki,https://api-maps.yandex.ru/services/constructor/1.0/js/?um=constructor%3A71ac29483208ee6ae739defa0c773d81de24b7bf43575b08ba2ab0041f1cdbf6&amp;width=100%25&amp;height=400&amp;lang=en_FR&amp;scroll=true,"Москва, переулок Хилков, 1",https://uploads-ssl.webflow.com/620e15709e3fbe1a70764578/6290fb50bcc6166c169da9ba_e808f9b3c177477a83eb796fd1948014.jpg,https://uploads-ssl.webflow.com/620e15709e3fbe1a70764578/6290fb4dda1b1d9a3a4ad014_c3872a2cfab6538ca7ccad1c9f0f3bf1.jpg; https://uploads-ssl.webflow.com/620e15709e3fbe1a70764578/6290fb4df5c5fc3d3206b268_fb176fdd234546313ee3c2dfbf25a983.jpg; https://uploads-ssl.webflow.com/620e15709e3fbe1a70764578/6290fb4d5e85865554ef9101_7b5ebf3ada987d17466d3a285c9d08f2.jpg; https://uploads-ssl.webflow.com/620e15709e3fbe1a70764578/6290fb4d44a213593508fb5c_bb976dc87ada401496511b42cafe3372.jpg; https://uploads-ssl.webflow.com/620e15709e3fbe1a70764578/6290fb4dd263a1144cf8df87_16ac6e97af156c9284b3180478068533.jpg,"<p>никальное предложение для большой семьи. </p><p>В ЖК Парк Палас предлагается квартира свободной планировки, без отделки. Внутреннее пространство квартиры позволяет спланировать большую зону гостиной-столовой-кухни, три - четыре спальни. Окна квартиры ориентированы на две стороны - Турчанинов переулок, Хилков переулок. Высота потолка 3, 2</p><p><br></p><p>Жилой комплекс класса de luxe расположен в районе «Золотой Мили», на второй линии домов от Пречистенской набережной, в 200 метрах от Садового кольца. Рядом расположены сквер Девичьего поля, парк Горького и парка- усадьбы Трубецких.</p><p>В комплексе расположено 127 квартир с французскими балконами и панорамным остеклением. На верхних этажах роскошные пентхаусы с открытой террасой и видом на Москву-реку. </p><p>На подземном уровне функционирует SPA-комплекс площадью 3500 м² с бассейном со стеклянным куполом, физкультурно-оздоровительным комплексом, салоном красоты и и центром восточной медицины. На охраняемой территории с ландшафтным дизайном расположены детские площадки. Двор без машин.</p>",puchkova-svetlana,USD,250,4,5,9,Без ремонта,2012,Монолитно-кирпичный,,3.2,1,1,Подземная,Частная,,3,,,169,
room-33,room-33,628debfda8ef95588c986c04,628e2157af64279dcfac022f,Wed May 25 2022 12:30:15 GMT+0000 (Coordinated Universal Time),Wed Sep 07 2022 19:14:09 GMT+0000 (Coordinated Universal Time),Wed Sep 07 2022 19:18:41 GMT+0000 (Coordinated Universal Time),"5-к квартира, 232 м², 4/10 этаж",445 000 000,1 918 103,presnenskiy,https://api-maps.yandex.ru/services/constructor/1.0/js/?um=constructor%3Af27360f5ebbc10ea8066290f2940f7d37eb9df29fb8a9e9fa7cabf57c148e206&amp;width=100%25&amp;height=400&amp;lang=en_FR&amp;scroll=true,"Москва, Гранатный переулок, 6",https://uploads-ssl.webflow.com/620e15709e3fbe1a70764578/6290fc018ab34ad3270cce6c_2a39c4cb85812a91f7fe7ae278f60963.jpg,https://uploads-ssl.webflow.com/620e15709e3fbe1a70764578/6290fc0a062be76e80fbb770_60a80cd7a22dbb5d2a899aee169368eb.jpg; https://uploads-ssl.webflow.com/620e15709e3fbe1a70764578/6290fc0a694a3174a908d78c_98800e510c53e447535c65e219eeae70.jpg; https://uploads-ssl.webflow.com/620e15709e3fbe1a70764578/6290fc0a6ab42a78b5850628_4905aeb07221c2027fa366cbc6bfc1b9.jpg; https://uploads-ssl.webflow.com/620e15709e3fbe1a70764578/6290fc0a828bfb735c92dc3f_b8c923a3ec69c6bb6dbff3f1e65a7a12.jpg; https://uploads-ssl.webflow.com/620e15709e3fbe1a70764578/6290fc0a58607ab91ed5ab8c_57b75fb924afe1ddaeb0e718a7022c53.jpg,"<p>Пятикомнатная квартира свободной планировки, без отделки, в клубном доме класса de luxe ""Гранатный, 6"".</p><p>Оптимальный вариант организации пространства: гостиная-столовая с зоной кухни, мастер-спальня с ванной и гардеробной, 2 детские спальни с ванной и гардеробной, холл-библиотека, гостевой санузел, гардеробная, кладовая.</p><p>Окна ориентированы на 2 стороны: открывается красивый вид в зеленый сад Дома приемов МИД и во внутренний двор.<br></p><p>Жилой комплекс «Гранатный 6» — роскошный дом класса de luxe в центре Москвы, в Пресненском районе. Комплекс расположен недалеко от Патриарших прудов, в тихом посольском квартале, где сохранилась историческая застройка и почти нетронутой городская среда конца XIX — начала XX века. </p><p>Проект клубного дома «Гранатный 6» разработан архитектурным бюро «SPEECH Чобан &amp; Кузнецов». Проект отмечен особым вниманием профессионального сообщества. В 2010 году дом лидировал в номинации «лучший элитный объект» Премии «Рекорды рынка недвижимости,строительства и финансов». В 2012 году — был удостоен специального диплома жюри международного конкурса European Property Awards в Лондоне.</p><p>Для резиденций «Гранатного 6» введено понятие квартира-особняк. Это элитная квартира, занимающая полностью весь этаж, с окнами на четыре стороны света и с двумя независимыми входами — парадным и служебным (для прислуги).</p><p>В клубном доме «Гранатный 6» насчитывается 27 резиденций площадью от 148 до 837 кв.м. Во всех квартирах, начиная с 4-го этажа, предусмотрена установка каминов. Три резиденции на верхних этажах — пентхаусы, — имеют выход на эксплуатируемую кровлю к террасам площадью до 320 кв. м.</p><p>Дом в Гранатном переулке состоит из трех разноэтажных секций (9, 6 и 4 этажа), объединенных стеклянными переходами. </p><p>В клубном доме организована общественная зона. Каминный зал, библиотека, мини-бар располагают к уютному отдыху в тишине и проведению досуга в компании друзей. Для детей устроена игровая гостиная с зоной развлечений, готовая принять маленьких посетителей в любое время. Жителям предлагается круглосуточный сервис: предоставляются услуги курьерской службы и стола заказов, услуги горничных, прачечной и химчистки, выполняется мойка машин, на сезонное хранение принимается авторезина.</p><p>Паркинг рассчитан на 82 автомобиля. Количество машино-мест в подземном паркинг троекратно превышает число резиденций.</p>",puchkova-svetlana,RUB,232,5,4,10,Без ремонта,2010,Монолитно-кирпичный,,3.5,3,3,Подземная,Договор долевого участия,,2,,,27,
room-34,room-34,628debfda8ef95588c986c04,628e215733cc12d4ef057148,Wed May 25 2022 12:30:15 GMT+0000 (Coordinated Universal Time),Wed Sep 07 2022 19:14:00 GMT+0000 (Coordinated Universal Time),Wed Sep 07 2022 19:18:41 GMT+0000 (Coordinated Universal Time),"2-к квартира, 100 м², 5/7 этаж",177 000 000,1 770 000,hamovniki,https://api-maps.yandex.ru/services/constructor/1.0/js/?um=constructor%3A0b1a21b422d9e8b181ae0ec5dc834d8fc5a6893a307608f1a83526837b381cb2&amp;width=100%25&amp;height=400&amp;lang=en_FR&amp;scroll=true,"Москва, Пожарский переулок, 5А",https://uploads-ssl.webflow.com/620e15709e3fbe1a70764578/628e247370535fcb9231c15f_fe16fbae1711fc913a3896dbfaaf5ab7.jpg,https://uploads-ssl.webflow.com/620e15709e3fbe1a70764578/628e1d2ace071c07f8ae7239_ff13e643da4e3607a0cc44ca628b6270.jpg; https://uploads-ssl.webflow.com/620e15709e3fbe1a70764578/628e246e9c4f72348e7024a2_4c77fa4100c6cdf057bac3d3a2c3de13.jpg; https://uploads-ssl.webflow.com/620e15709e3fbe1a70764578/628e246f5acacbb97af65e0e_6aa65387c355874cdd324c402aef6da3.jpg; https://uploads-ssl.webflow.com/620e15709e3fbe1a70764578/628e246e17ac06176425e769_87e4749ece24709bf992c4bc934d448b.jpg; https://uploads-ssl.webflow.com/620e15709e3fbe1a70764578/628e246ef675e821e3e5bb6a_a2381fa303b14b7b11ecec2610003756.jpg,"<p>Описание объекта: </p><p>Двухкомнатная квартира в новом клубном доме Villa Grace с отделкой. Функциональная планировка: гостиная - кухня, спальня, два с/у, постирочная и гардеробная комнаты. Высота потолков 3,4 м. </p><p><br></p><p>Описание дома: </p><p>ЖК Villa Grace (Вилла Грейс), камерный особняк всего на 20 квартир расположенный в самом сердце Золотой мили, между улицей Остоженка и Пречистенской набережной.</p><p>Особенностью дома является наличие полностью закрытой внутренней территории площадью с красивым ландшафтным дизайном, зоной отдыха и детской площадкой.</p><p>Контроль доступа позволяет подняться в лифте только на свой этаж. Villa Grace оборудована новейшими инженерными системами, способными обеспечить высокий уровень качества жизни. Среди них мультизонная система кондиционирования и приточно-вытяжная вентиляция.</p>",puchkova-svetlana,RUB,100,2,5,6,Дизайнерский,2021,Монолитно-кирпичный,,3.5,,1,Подземная,Частная,,3,,,20,
room-35,room-35,628debfda8ef95588c986c04,6347fac413edcd293be7113c,Thu Oct 13 2022 11:47:16 GMT+0000 (Coordinated Universal Time),Thu Oct 13 2022 12:04:49 GMT+0000 (Coordinated Universal Time),Thu Oct 13 2022 12:05:02 GMT+0000 (Coordinated Universal Time),"2-к квартира, 66 м², 7/7 этаж",65 000 000,986 343,arbat,https://api-maps.yandex.ru/services/constructor/1.0/js/?um=constructor%3A9d0e352ebc415efd12c3c492637f3c4f76ac9af7c1ab93e4bb67ae401b9f9ce9&amp;width=100%25&amp;height=400px&amp;lang=ru_RU&amp;scroll=true,"Нижний Кисловский переулок, 3",https://uploads-ssl.webflow.com/620e15709e3fbe1a70764578/6347faacb517ca0ccd127dd1_DSC00373.jpg,https://uploads-ssl.webflow.com/620e15709e3fbe1a70764578/6347fab489d8984509a01ffb_DSC00406.jpg; https://uploads-ssl.webflow.com/620e15709e3fbe1a70764578/6347fab4b5cacb24ef956a13_DSC00413.jpg; https://uploads-ssl.webflow.com/620e15709e3fbe1a70764578/6347fab8c14a527608c9c78a_DSC00401.jpg; https://uploads-ssl.webflow.com/620e15709e3fbe1a70764578/6347fab3ca4f372512a3464b_DSC00374.jpg; https://uploads-ssl.webflow.com/620e15709e3fbe1a70764578/6347fab4011a2876f2d12acb_DSC00363.jpg,"<p>Уникальное предложение! Квартира с панорамными видами, с двумя большими балконами. Дорогой ремонт, делали для себя. Кухня-гостиная, гардеробная, спальня. Огромная ванная комната с окном. В квартире поменяли все, бытовая встроенная техника, кондиционеры, все для комфортного проживания! Есть особенность этого дома-жилые мансарды. Над этой квартирой тоже большая мансарда, если возникнет желание, то можно работать по данному вопросу. Так же уникальное расположение, во внутренний двор-сад могут попасть только жители дома, вход во двор через подъезд. Панорамные виды на Храм Христа Спасителя и вообще весь исторический центр как на ладони. Квартира распашная, виды на 2 стороны. Абсолютно свободная продажа. Торг.</p>",soboleva-svetlana,₽,66,2,7,7,Дизайнерский,1937,Кирпичный,,,1,,Да,,1,1,-,,1, Во двор 
room-4,room-4,628debfda8ef95588c986c04,628dee3a99fd7a8d85d02e41,Wed May 25 2022 08:52:10 GMT+0000 (Coordinated Universal Time),Wed Sep 07 2022 19:17:53 GMT+0000 (Coordinated Universal Time),Wed Sep 07 2022 19:18:41 GMT+0000 (Coordinated Universal Time),"4-к квартира, 228 м², 2/4 этаж",6 384 000,2 240 000,hamovniki,https://api-maps.yandex.ru/services/constructor/1.0/js/?um=constructor%3A9f4ac3f7ba1976ebab10e631be7e564a957ea2c2cbab683356e87f8e9c4919e0&amp;width=100%25&amp;height=400&amp;lang=en_FR&amp;scroll=true,"Москва, Пречистенская набережная, 5",https://uploads-ssl.webflow.com/620e15709e3fbe1a70764578/628e16b1f71c220c4e8439dd_bdba6d08bc30b745fed28a0428365020.jpg,https://uploads-ssl.webflow.com/620e15709e3fbe1a70764578/628e16bae6296d107915fad6_77d9880c5ac393d3c5bed607d6d295a8.jpg; https://uploads-ssl.webflow.com/620e15709e3fbe1a70764578/628e16b996983898898b60f8_436ac6e4234c84d7c63a9ed0bb2f6b8b.jpg; https://uploads-ssl.webflow.com/620e15709e3fbe1a70764578/628e16ba063b14266da848cb_cd2a207fd1e98214890a42bff36e9531.jpg; https://uploads-ssl.webflow.com/620e15709e3fbe1a70764578/628e16ba5bd95b7bb90c84cb_d1920208d451f68eb12594a8d6da2115.jpg; https://uploads-ssl.webflow.com/620e15709e3fbe1a70764578/628e16ba69d2a15ca1bd4561_ffd61164f276c408c6273c0f06849e03.jpg,"<p>Роскошная четырехкомнатная квартира с тремя спальнями с уникальным дизайнерским ремонтом выполненным в стиле Ральф Лорен. </p><p>Планировка квартиры: гостиная - столовая, выделенная кухня с выходом на уютную террасу , 3 спальни с собственными санузлами и гардеробными комнатами, постирочная комната, гостевой санузел. Из окон квартиры открываются потрясающие виды на панораму Москвы - Москва-реку, Крымский мост, Третьяковскую галерею, парк Музеон.</p><p>Квартира оборудована системой ""умный дом"".</p><p><br></p><p>Жилой комплекс «Кленовый Дом» расположенный на 1 линии набережной Москва-реки в самом сердце Золотой мили по адресу: Пречистенская набережная, дом 5 - 7 включает 2 особняка по 20 квартир площадью от 70 до 500 кв.м. “Кленовый - победитель премии URBAN AWARDS 2014 в номинации «Лучший строящийся жилой комплекс Москвы элит-класса».</p><p>ЖК “Кленовый Дом” находится в 3 км от Кремля. В 6 минутах ходьбы располагается станция метро «Парк Культуры», а в 15 минутах — «Кропоткинская». В течение 2 минут на автомобиле можно выехать на Садовое и Бульварное кольцо.</p><p>Многоуровневая система охраны. Подземный паркинг. Огороженная придомовая территория.</p>",puchkova-svetlana,USD,228,4,2,4,,2014,Монолитно-кирпичный,,3.5,,,Подземная,Частная,1,2,,1,,
room-5,room-5,628debfda8ef95588c986c04,628dee3c9df441dc50dd8b99,Wed May 25 2022 08:52:12 GMT+0000 (Coordinated Universal Time),Wed Sep 07 2022 19:17:45 GMT+0000 (Coordinated Universal Time),Wed Sep 07 2022 19:18:41 GMT+0000 (Coordinated Universal Time),"6-к квартира, 500 м², 5/5 этаж",25 000 000,4 000 000,hamovniki,https://api-maps.yandex.ru/services/constructor/1.0/js/?um=constructor%3A41ddf25a5a53793f8e58cc0be12a84c8e6fccf797c4c495d2d973e3a282a8079&amp;width=100%25&amp;height=400&amp;lang=en_FR&amp;scroll=true,"Москва, Коробейников переулок, 1/2с5",https://uploads-ssl.webflow.com/620e15709e3fbe1a70764578/628e172896983867e78b6728_c0daaa81bbe0af03e1a628dc3217f6ed.jpg,https://uploads-ssl.webflow.com/620e15709e3fbe1a70764578/628e17231adbbecc0ae5508b_2a52f3beb3b4ee111a5515fd2980c298.jpg; https://uploads-ssl.webflow.com/620e15709e3fbe1a70764578/628e17239152cf24c9261901_09ef31ee93f62e5947690dd29e5124aa.jpg; https://uploads-ssl.webflow.com/620e15709e3fbe1a70764578/628e17238b1bd7814a07c092_976f0779ce9fc7bf1e7e5de17706805b.jpg; https://uploads-ssl.webflow.com/620e15709e3fbe1a70764578/628e172346000d1183f641c4_a2bd02260dab2d956dce0744d4ad5f6e.jpg; https://uploads-ssl.webflow.com/620e15709e3fbe1a70764578/628e172393f7c929f44f3c11_d3f0d34dd5c8ea4f68f12a22f868ba05.jpg,"<p>Описание объекта: </p><p>Шесть резиденций в районе Остоженки, с отделкой, мебелью, текстилем, посудой и элементами декора бренда-легенды Ralph Lauren каждая из которых имеет собственный парадный вход, гараж, выход на задний двор и в сквер, просторную террасу с панорамным видом. </p><p>Это новый формат люксового жилья в Москве, впервые не уступающий лучшим мировым аналогам. На продажу предлагается одна из резиденций, общей площадью 500 кв.м. </p><p>Первый этаж резиденции – это великолепный вестибюль с парадной лестницей, украшенной ручной ковкой, ведущей в стильную и уютную гостевую зону. </p><p>На втором этаже расположены элегантная гостиная с действующим камином, столовая и кухня. </p><p>Третий этаж занимают две спальни со своими ванными комнатами и кабинет.</p><p>Четвертый этаж полностью отведен под мастер-спальню с просторными женской и мужской гардеробными и роскошной ванной комнатой.</p><p>Наконец, пятый этаж – это пространство для отдыха с выходом на открытую террасу. </p><p>В цокольном этаже резиденции расположены хозяйственные комнаты, сейфовое хранилище, комната для персонала и охраны. Через все пять этажей проходит удивительная лестница, сама по себе являющаяся произведением искусства, а также современный лифт. </p><p>Из окон резиденции открываются великолепные виды на панораму Москвы. </p><p>Собственный лифт и подземный паркинг на два машино-места. </p><p>Собственное патио на первом этаже и терраса на 5 этаже </p><p>Земля находится в собственности владельцев. </p><p>В комплексе работают швейцары и управляющие, в распоряжении жителей клининг-сервис. </p>",puchkova-svetlana,USD,500,6+,5,5,Дизайнерский,2016,Монолитно-кирпичный,,4,1,,Подземная,Частная,5,1,,2,4,Во двор и на улицу
room-6,room-6,628debfda8ef95588c986c04,628dee3ca9c7fe62bd5ab90e,Wed May 25 2022 08:52:12 GMT+0000 (Coordinated Universal Time),Wed Sep 07 2022 19:17:39 GMT+0000 (Coordinated Universal Time),Wed Sep 07 2022 19:18:41 GMT+0000 (Coordinated Universal Time),"6-к квартира, 760 м², 1/8 этаж",36 000 000,47 368,presnenskiy,https://api-maps.yandex.ru/services/constructor/1.0/js/?um=constructor%3A0b0acd8640edfbad196359b2f16ffaeb8a7e571638493748a778ea4f155da846&amp;width=100%25&amp;height=400&amp;lang=en_FR&amp;scroll=true,"Москва, Гранатный переулок, 8с4",https://uploads-ssl.webflow.com/620e15709e3fbe1a70764578/628e17a569d2a11ad9bd4ee6_3c6a7061420873510034e7988cba1032.jpg,https://uploads-ssl.webflow.com/620e15709e3fbe1a70764578/628e1799a8ef95618699b29f_64d414388aae3cf19d264c1bfaf9c4b9.jpg; https://uploads-ssl.webflow.com/620e15709e3fbe1a70764578/628e1799f2223a5e6c3e4522_a093a0566cb0fe85e0a9e36323a8ae1f.jpg; https://uploads-ssl.webflow.com/620e15709e3fbe1a70764578/628e1798b6d2c1c6cede20e0_ccfa9fbdfc71c70afc923b756870a5f0.jpg; https://uploads-ssl.webflow.com/620e15709e3fbe1a70764578/628e179933669d321751ff99_d79379849516ca745d59f75071678b79.jpg; https://uploads-ssl.webflow.com/620e15709e3fbe1a70764578/628e17991173d257fbee33dc_ee3ed34b59b80702a6ca66217c85cf6f.jpg,"<p>Описание объекта:</p><p>Городская резиденция на Патриарших прудах.</p><p>К продаже предлагается роскошный таунхаус с отделкой. Дизайн-проект известного английского архитектора Kelly Hoppen.</p><p>Таунхаус полностью меблирован итальянской мебелью и всеми аксессуарами на заказ от Kelly Hoppen.</p><p>Функциональное планировочное решение: 5 спален, кухня-гостиная, зона спа, массажный кабинет, отдельная зона для прислуги со своим выходом, 8 с/у,</p><p>2 общих входа - через ресепшн и с охраняемого двора, тренажерный зал, кинотеатр, кинозал, действующий камин. 4 м/м в подземном паркинге входят в стоимость.</p><p><br></p><p>Описание здания:</p><p>Жилой комплекс ""Гранатный Палас"" - это роскошный клубный дом класса De Luxe. Его фасады облицованы гранитом и декорированы витражами. Просторные холлы и зоны отдыха отделаны ценными породами дерева и камня, уровень внутренней и внешней отделки имеет поистине имперский размах. Камерный дом, в котором каждая квартира эксклюзивна и равнозначна собственному имению в центре города. Всего в доме 17 квартир площадью от 220 до 750 кв. м. Окна всех спален выходят в тихий двор. На первых 2 этажах разместились дуплексы площадью 782 и 797 кв. м., с небольшими земельными участками. 8 этаж полностью отведен под пентхаус. Безопасность жителей обеспечивается на самом высоком уровне. К услугам владельцев квартир роскошная инфраструктура сигарный клуб, фитнес-клуб, включающий бассейн с противотоком, сауну, хамам, Массажный и парикмахерский кабинеты, женский клуба с библиотекой, детской игровой комнаты, холодильник для шуб, кладовая. Имеется 2-х уровневый подземный паркинг на 37 м/м.</p>",puchkova-svetlana,RUB,760,6+,1,8,Дизайнерский,2010,Монолитно-кирпичный,4,3.5,,,Подземная,Договор долевого участия,1,2,,,17,
room-7,room-7,628debfda8ef95588c986c04,628dee3d69d2a129a2bbfaf0,Wed May 25 2022 08:52:13 GMT+0000 (Coordinated Universal Time),Wed Sep 07 2022 19:17:33 GMT+0000 (Coordinated Universal Time),Wed Sep 07 2022 19:18:41 GMT+0000 (Coordinated Universal Time),"4-к квартира, 300 м², 6/6 этаж",7 500 000,2 000 000,hamovniki,https://api-maps.yandex.ru/services/constructor/1.0/js/?um=constructor%3A975def03f120601727deb571e1c9311727b4ca1bb85e5823cbb95dc781252078&amp;width=100%25&amp;height=400&amp;lang=en_FR&amp;scroll=true,"Москва, Молочный переулок, 1к2",https://uploads-ssl.webflow.com/620e15709e3fbe1a70764578/628e182793f7c975aa4f4088_56b2d2bde0ec61fb2905591b8897d677.jpg,https://uploads-ssl.webflow.com/620e15709e3fbe1a70764578/628e18241adbbe2d5ce555ba_2923a55d35b98908762fe0c38c680962.jpg; https://uploads-ssl.webflow.com/620e15709e3fbe1a70764578/628e18248b1bd7bcc207c385_877666510717997c47c5b55c29332a2f.jpg; https://uploads-ssl.webflow.com/620e15709e3fbe1a70764578/628e182411845d78d9a31af2_a9e2697866b611abf17d20a7ccaa16d0.jpg; https://uploads-ssl.webflow.com/620e15709e3fbe1a70764578/628e18245a4c394a84d61e42_b58884396a62d85d730b310927818063.jpg; https://uploads-ssl.webflow.com/620e15709e3fbe1a70764578/628e18245ed89e37141d2599_d643dd9e407da5f3e5dd0ce9f5dcbfc5.jpg,"<p>Двухуровневый пентхаус с собственными террасами в самом сердце Золотой мили. Планировка квартиры: 1-й уровень: гостиная с действующим камином, кухня, 2 спальни со своими полноценными санузлами и гардеробными, кабинет, постирочная, гостевой санузел. 2 уровень - комната отдыха с кухней и выходом на террасу. Из окон пентхауса открываются великолепные виды на Зачатьевский монастырь, МИД, на панораму Москвы.</p><p> </p><p>Молочный, 1 - малоквартирный жилой дом (21 квартира). Подземный паркинг, охрана, бассейн (только для жильцов дома), сауна, тренажерный зал.</p>",puchkova-svetlana,USD,300,5,6,6,Евроремонт,2003,Монолитно-кирпичный,,3.3,,1,Подземная,Частная,3,1,ИСТИНА,2,18,
room-8,room-8,628debfda8ef95588c986c04,628dee3f45bef82c71b344e2,Wed May 25 2022 08:52:15 GMT+0000 (Coordinated Universal Time),Wed Sep 07 2022 19:17:26 GMT+0000 (Coordinated Universal Time),Wed Sep 07 2022 19:18:41 GMT+0000 (Coordinated Universal Time),"5-к квартира, 330 м², 3/5 этаж",10 000 000,2 424 242,hamovniki,https://api-maps.yandex.ru/services/constructor/1.0/js/?um=constructor%3A9f7f4c0a563fee2db0491ae4d685b11706c52c5126d3618022473231e27a9c6a&amp;width=100%25&amp;height=400&amp;lang=en_FR&amp;scroll=true,"Москва, Коробейников переулок, 1",https://uploads-ssl.webflow.com/620e15709e3fbe1a70764578/628e188b3e322cf4af25d342_c4a20e1716efc134de155ae132ad4515.jpg,https://uploads-ssl.webflow.com/620e15709e3fbe1a70764578/628e18773e322cacc025ce5e_98a861136e7f5dde3c3229b52778d741.jpg; https://uploads-ssl.webflow.com/620e15709e3fbe1a70764578/628e1877e8398c77215ea39f_8008f218652e92646ffca2a4f17671bc.jpg; https://uploads-ssl.webflow.com/620e15709e3fbe1a70764578/628e1877063b142994a877eb_8345ba88e4edf427a591f687d69d7086.jpg; https://uploads-ssl.webflow.com/620e15709e3fbe1a70764578/628e18771172cc7ee75e675a_eb97fecd68122acfc6786c3ce92c5919.jpg; https://uploads-ssl.webflow.com/620e15709e3fbe1a70764578/628e1878977fb21c9e553014_fdadc578ce351f078d8facca8ce66a53.jpg,"<p>Роскошные апартаменты с новым ремонтом в ЖК ""Кленовый дом"". </p><p>Планировка квартиры: гостиная (70 кв.м), кухня-столовая, мастер спальня со своим санузлом и гардеробной комнатой, гостевая спальня, детская спальня, техническая комната для персонала, две ванных комнаты (душ/ санузел), санузел для персонала, постирочная комната.</p><p>В отделке квартиры использованы дорогостоящие материалы - натуральное дерево (палисандр), мрамор. Кухня укомплектована всей необходимой бытовой техникой и новой посудой Бакаррат. Из окон квартиры открываются великолепные виды на панораму Москвы - Москва-реку, парк ""Музеон"", здание Третьяковской галереи, Крымский мост и др.</p><p><br></p><p>ЖК Кленовый дом. В состав жилого комплекса Кленовый дом входят два малоквартирных особняка построенных Компанией Дон-строй по индивидуальному проекту, расположенных на первой линии Пречистенской набережной номер 5 и 7 . Высота зданий - 4 и 5 этажей соответственно. Статус помещений - дом 5 - квартиры; дом 7 - апартаменты. Первые этажи нежилые - винный бутик, ресторан, салон красоты, центр детского творчества. Подземный паркинг, охрана.</p>",puchkova-svetlana,USD,330,5,3,5,Дизайнерский,2015,Монолитно-кирпичный,,3.5,Нет,2,Подземная,Частная,2,2,,,,Во двор и на улицу
room-9,room-9,628debfda8ef95588c986c04,628dee3f5bd95b110c0b6b2e,Wed May 25 2022 08:52:15 GMT+0000 (Coordinated Universal Time),Wed Sep 07 2022 19:17:20 GMT+0000 (Coordinated Universal Time),Wed Sep 07 2022 19:18:41 GMT+0000 (Coordinated Universal Time),"3-к квартира, 220 м², 2/4 этаж",6 154 000,2 239 854,hamovniki,https://api-maps.yandex.ru/services/constructor/1.0/js/?um=constructor%3Ab698dc560652ae4f30b6e539e42072c56c53c22f4a96a3b8ac3ddcc29d010e79&amp;width=100%25&amp;height=400&amp;lang=en_FR&amp;scroll=true,"Москва, Пречистенская набережная, 5",https://uploads-ssl.webflow.com/620e15709e3fbe1a70764578/628e18fbf71c2208c5844653_ebc76474733aeaea2d1e2a0dd398f48d.jpg,https://uploads-ssl.webflow.com/620e15709e3fbe1a70764578/628e18f55f02a6065da95551_3fa9177d7c8731bbd9ff7b12233c330e.jpg; https://uploads-ssl.webflow.com/620e15709e3fbe1a70764578/628e18f5023c4f177a4544ce_34655a9dc5a0393f9cdb5c77fcd9fc81.jpg; https://uploads-ssl.webflow.com/620e15709e3fbe1a70764578/628e18f5a8ef9506fb99bb64_598486b79c084d78e4e52154651ad539.jpg; https://uploads-ssl.webflow.com/620e15709e3fbe1a70764578/628e18f5e6296d1bb4160896_f473a4464adb2a35788c0cb2573e6da7.jpg; https://uploads-ssl.webflow.com/620e15709e3fbe1a70764578/628e18f59df44135a5ded5e7_fc3f736c9460e994eafc6200ca513884.jpg,"<p>Роскошная трехкомнатная квартира с 2-мя спальнями, с уникальным дизайнерским ремонтом выполненным в стиле Ральф Лорен. </p><p>Планировка квартиры: гостиная - столовая, выделенная кухня с выходом на уютную террасу, 2 спальни с собственными санузлами и гардеробными комнатами, постирочная комната, гостевой санузел. Из окон квартиры открываются потрясающие виды на панораму Москвы - Москва-реку, Крымский мост, Третьяковскую галерею, парк Музеон. Квартира оборудована системой ""умный дом"". Полностью меблирована. Панорамные окна.</p><p><br></p><p>Жилой комплекс «Кленовый Дом» расположенный на 1 линии набережной Москва-реки в самом сердце Золотой мили по адресу: Пречистенская набережная, дом 5 - 7 включает 2 особняка по 20 квартир площадью от 70 до 500 кв.м. “Кленовый - победитель премии URBAN AWARDS 2014 в номинации «Лучший строящийся жилой комплекс Москвы элит-класса».</p><p>ЖК “Кленовый Дом” находится в 3 км от Кремля. В 6 минутах ходьбы располагается станция метро «Парк Культуры», а в 15 минутах — «Кропоткинская». В течение 2 минут на автомобиле можно выехать на Садовое и Бульварное кольцо.</p><p>Подземный паркинг. Многоуровневая охрана.</p>",puchkova-svetlana,USD,219.8,3,2,4,Дизайнерский,2014,Монолитно-кирпичный,,3.5,,,Подземная,Частная,1,2,,,,Во двор и на улицу
